symbol,transition,n,mean_ret_fwd1,median_ret_fwd1,std_ret_fwd1,hit_rate_fwd1,sharpe_d_fwd1
AAVE,Blow-off rally / parabolic → Bull impulse,2,0.13466791864727035,0.08284743490103263,0.07328523092266391,1.0,1.8375860586341342
DOGE,Blow-off rally / parabolic → Bull impulse,13,0.05876860700997806,0.03479575082169717,0.09680941703149509,0.7692307692307693,0.607054652450379
ADA,Blow-off rally / parabolic → Bull impulse,5,0.05488939502495686,0.0029085323724356016,0.09034844319489606,0.6,0.6075300590022524
ETH,Blow-off rally / parabolic → Bull impulse,8,0.05306813272146613,0.015263346705125969,0.05482110110776678,0.875,0.9680238384330391
CRO,Blow-off rally / parabolic → Bull impulse,4,0.05033704580277065,0.05556209266140266,0.09880360932530685,0.75,0.509465657646554
EOS,Blow-off rally / parabolic → Bull impulse,6,0.023831056862143467,0.004924928910639892,0.1247833167420054,0.6666666666666666,0.19097951139906907
XRP,Blow-off rally / parabolic → Bull impulse,16,0.01253675430995518,-0.009298044286839335,0.10051519054717428,0.375,0.12472497183469368
LTC,Blow-off rally / parabolic → Bull impulse,9,-9.222063685045226E-4,-0.0342512777071482,0.05799109254364968,0.4444444444444444,-0.015902552065394895
BNB,Blow-off rally / parabolic → Bull impulse,4,-0.0021196279636412005,-0.05864911330024469,0.10783940791129512,0.25,-0.0196554117339436
MIOTA,Blow-off rally / parabolic → Bull impulse,2,-0.0044546404544682505,-0.05068870840246864,0.06538484593574137,0.5,-0.06812955495599336
XLM,Blow-off rally / parabolic → Bull impulse,10,-0.005005997297493481,-0.07855601098002352,0.1390412696036992,0.4,-0.036003679423826956
XMR,Blow-off rally / parabolic → Bull impulse,8,-0.009444495148064835,-0.07068753356314517,0.11058824733834015,0.375,-0.08540234044192593
TRX,Blow-off rally / parabolic → Bull impulse,2,-0.009509182531729943,-0.0466750352751073,0.05256045300684556,0.5,-0.18091896069638996
XEM,Blow-off rally / parabolic → Bull impulse,10,-0.022743094497566972,-0.04646080234712269,0.10444748120338088,0.4,-0.21774670136162935
LINK,Blow-off rally / parabolic → Bull impulse,6,-0.033791691406550334,-0.0359757991605103,0.0706401245563099,0.3333333333333333,-0.478363983908518
SOL,Blow-off rally / parabolic → Bull impulse,3,-0.034855955639643645,-0.09595404752697001,0.1423935043039017,0.3333333333333333,-0.24478613550554046
DOT,Blow-off rally / parabolic → Bull impulse,3,-0.040017558986175907,-0.03587292635219219,0.05371400295806056,0.3333333333333333,-0.7450116688830896
ATOM,Blow-off rally / parabolic → Bull impulse,2,-0.052332261297926674,-0.0596045219394572,0.010284529628364535,0.0,-5.0884447990305075
BTC,Blow-off rally / parabolic → Bull impulse,3,-0.055192532090655,-0.0772262649438904,0.05084534342972643,0.3333333333333333,-1.0854982652823821
SOL,Blow-off rally / parabolic → Calm / normal,3,0.06540252654195305,0.11624438909535717,0.08998006085509104,0.6666666666666666,0.7268557713834065
UNI,Blow-off rally / parabolic → Calm / normal,3,0.024924288588325332,0.01699726395851764,0.02221912762601059,1.0,1.1217491977114338
LINK,Blow-off rally / parabolic → Calm / normal,56,0.01386221416572034,0.005354952570574278,0.046868420815975344,0.625,0.29576874843189366
MIOTA,Blow-off rally / parabolic → Calm / normal,64,0.013719327913966226,0.0026803305810354505,0.0419507211615529,0.5625,0.3270343759081727
XMR,Blow-off rally / parabolic → Calm / normal,140,0.012850551744687508,0.011830964015481116,0.0440033967619798,0.6214285714285714,0.2920354493131029
XLM,Blow-off rally / parabolic → Calm / normal,111,0.012765024168694829,0.0034741848352402016,0.04644317336775208,0.5405405405405406,0.2748525400626102
DOT,Blow-off rally / parabolic → Calm / normal,16,0.011653912917339207,-4.920312576994768E-4,0.054114809805701714,0.5,0.2153553335802598
EOS,Blow-off rally / parabolic → Calm / normal,68,0.00916136387976281,0.003809381060656314,0.039237766046952643,0.5735294117647058,0.23348331984038415
ETH,Blow-off rally / parabolic → Calm / normal,149,0.005681816950472828,0.005690920716778791,0.04338499402747409,0.5503355704697986,0.13096272289157737
BNB,Blow-off rally / parabolic → Calm / normal,81,0.004944038004025062,0.004603473180558648,0.05660782396732195,0.5432098765432098,0.0873384217503063
TRX,Blow-off rally / parabolic → Calm / normal,59,0.004583516278709659,4.1985248500253647E-4,0.04355437958965444,0.5084745762711864,0.10523663341994638
CRO,Blow-off rally / parabolic → Calm / normal,60,0.004549640774999871,0.0017103212695785963,0.04744066041892772,0.55,0.09590171668825821
DOGE,Blow-off rally / parabolic → Calm / normal,123,0.0037231653054895465,-0.004100481489678565,0.043642978363378625,0.44715447154471544,0.08530960638134866
BTC,Blow-off rally / parabolic → Calm / normal,237,0.002340894462888554,0.002323627504231318,0.034026255569439716,0.540084388185654,0.0687967107668174
WBTC,Blow-off rally / parabolic → Calm / normal,76,0.001682016920097717,0.0028686271703541877,0.03271040730557737,0.5526315789473685,0.05142146058850573
LTC,Blow-off rally / parabolic → Calm / normal,164,0.0012229694218880251,-0.0019165373964544763,0.0355750077286594,0.47560975609756095,0.03437720748273499
ADA,Blow-off rally / parabolic → Calm / normal,72,-3.461167071929505E-4,4.3623991693753084E-4,0.04144391429028833,0.5138888888888888,-0.008351448291506022
XRP,Blow-off rally / parabolic → Calm / normal,135,-5.940238394857968E-4,-0.003527313293319345,0.038150696701973914,0.45925925925925926,-0.015570458493227518
ATOM,Blow-off rally / parabolic → Calm / normal,38,-0.0014977315215457473,-0.0019689580012822727,0.04941125665901669,0.5,-0.030311544834438806
XEM,Blow-off rally / parabolic → Calm / normal,81,-0.0027212379763802775,-0.0035790156438664233,0.043303769801384624,0.4567901234567901,-0.06284067158266823
AAVE,Blow-off rally / parabolic → Calm / normal,7,-0.013098323996185966,-0.027558243152611794,0.0475499540510803,0.2857142857142857,-0.27546449323831435
AAVE,Blow-off rally / parabolic → Choppy high-vol sideways,16,0.030276164129601213,0.012895077816652112,0.09263398256453328,0.625,0.32683647287332573
UNI,Blow-off rally / parabolic → Choppy high-vol sideways,22,0.026108422955052214,0.015049093755969079,0.07137663164294138,0.5909090909090909,0.36578390369635977
SOL,Blow-off rally / parabolic → Choppy high-vol sideways,27,0.02477837880517988,0.027159362112033403,0.07730793887077174,0.5925925925925926,0.3205153205106078
ETH,Blow-off rally / parabolic → Choppy high-vol sideways,72,0.019666592183775557,0.013251473392564606,0.060145002321790625,0.6388888888888888,0.32698630683484603
BNB,Blow-off rally / parabolic → Choppy high-vol sideways,53,0.014872793845179989,0.015219294670359762,0.06536093454595747,0.6792452830188679,0.22754867182510108
ADA,Blow-off rally / parabolic → Choppy high-vol sideways,54,0.013919005463057011,0.006812275584791916,0.0581020662682451,0.6296296296296297,0.23956128167276997
LINK,Blow-off rally / parabolic → Choppy high-vol sideways,64,0.01222012650568618,0.002669967791867567,0.06592085754717993,0.546875,0.1853757211356082
BTC,Blow-off rally / parabolic → Choppy high-vol sideways,20,0.011178466094521555,0.022200960221512744,0.05411934210697651,0.65,0.20655214308454317
DOGE,Blow-off rally / parabolic → Choppy high-vol sideways,50,0.01048295090759379,-0.011929170385477583,0.07926700263650796,0.42,0.13224860987446577
CRO,Blow-off rally / parabolic → Choppy high-vol sideways,25,0.0082705597513218,9.03826137568009E-4,0.0657576587937434,0.52,0.1257733304840335
EOS,Blow-off rally / parabolic → Choppy high-vol sideways,50,0.00575491818679599,0.005095615692437772,0.06558897481251667,0.58,0.08774215793502158
XMR,Blow-off rally / parabolic → Choppy high-vol sideways,92,0.005522055287807382,-0.002802548506042335,0.06580835938404825,0.4782608695652174,0.08391115261788325
TRX,Blow-off rally / parabolic → Choppy high-vol sideways,42,9.277963241324185E-4,0.003706122756613084,0.06526118650079425,0.5238095238095238,0.014216663439318973
MIOTA,Blow-off rally / parabolic → Choppy high-vol sideways,49,6.873404750105083E-4,-1.880576437043313E-4,0.07396230882303227,0.4897959183673469,0.00929311815637192
XEM,Blow-off rally / parabolic → Choppy high-vol sideways,77,4.023402537291938E-4,-0.006614384263190942,0.06086130276559438,0.4675324675324675,0.006610772945147036
WBTC,Blow-off rally / parabolic → Choppy high-vol sideways,7,-0.005356616777064259,0.013365071551547203,0.03956204552605462,0.5714285714285714,-0.13539787202197417
DOT,Blow-off rally / parabolic → Choppy high-vol sideways,16,-0.008546875017427819,-0.01838741993216697,0.059155791383540615,0.375,-0.14448078231281822
XLM,Blow-off rally / parabolic → Choppy high-vol sideways,76,-0.010686888074451503,-0.00763306894998772,0.05703115634892117,0.42105263157894735,-0.18738683832865438
LTC,Blow-off rally / parabolic → Choppy high-vol sideways,79,-0.012820299299298071,-0.011754703661503996,0.04810263843903132,0.4430379746835443,-0.2665196695093435
ATOM,Blow-off rally / parabolic → Choppy high-vol sideways,42,-0.01649391520311385,-0.010449360766406679,0.06868524210686808,0.35714285714285715,-0.24013768747369044
XRP,Blow-off rally / parabolic → Choppy high-vol sideways,52,-0.02020253420721368,-0.008827094195688612,0.053258597988127945,0.3269230769230769,-0.3793290655476341
DOT,Blow-off rally / parabolic → Sell-off / drawdown,3,0.03167156206601137,0.030216558122873494,0.052673590459465756,0.6666666666666666,0.6012797265146334
AAVE,Blow-off rally / parabolic → Sell-off / drawdown,6,0.026476914576929616,0.021410654728161838,0.03337779309761364,0.8333333333333334,0.7932494068585557
SOL,Blow-off rally / parabolic → Sell-off / drawdown,13,0.01931518705856366,0.044903117570061324,0.09482964742841106,0.5384615384615384,0.20368299980388632
UNI,Blow-off rally / parabolic → Sell-off / drawdown,8,0.013640640493606013,-4.287164750067518E-4,0.07469377498720861,0.5,0.18262084753303723
LINK,Blow-off rally / parabolic → Sell-off / drawdown,42,0.012535750566627193,0.013635284083840737,0.06162272660794683,0.5714285714285714,0.20342739207860028
XEM,Blow-off rally / parabolic → Sell-off / drawdown,67,0.011823812702044596,0.006447577556656592,0.05793970461539587,0.5671641791044776,0.2040709869083928
BNB,Blow-off rally / parabolic → Sell-off / drawdown,23,0.009914457981073562,0.015491221299118063,0.05335280247132612,0.6086956521739131,0.18582825122264157
ATOM,Blow-off rally / parabolic → Sell-off / drawdown,26,0.00934148300886775,0.009521146248160361,0.07004089155965003,0.5384615384615384,0.13337184608668373
WBTC,Blow-off rally / parabolic → Sell-off / drawdown,9,0.004675528346456422,0.008415875199178302,0.052435730254919904,0.5555555555555556,0.0891668395524582
ETH,Blow-off rally / parabolic → Sell-off / drawdown,43,0.002094765768215775,0.011254211228587163,0.0545752282614849,0.6046511627906976,0.03838308761951809
LTC,Blow-off rally / parabolic → Sell-off / drawdown,55,6.867389339233073E-4,0.005643555321670268,0.045088634419192086,0.5818181818181818,0.015230865666470377
XLM,Blow-off rally / parabolic → Sell-off / drawdown,62,3.2365424835945244E-5,0.0014851483345488248,0.04851252778002349,0.532258064516129,6.671560175693977E-4
TRX,Blow-off rally / parabolic → Sell-off / drawdown,36,-8.769697023258817E-4,-0.014993328886290236,0.04839537978572765,0.4166666666666667,-0.018120938531915605
XMR,Blow-off rally / parabolic → Sell-off / drawdown,68,-0.0012045703289025682,-0.0036754407972510172,0.058588866151042675,0.47058823529411764,-0.0205597139531114
MIOTA,Blow-off rally / parabolic → Sell-off / drawdown,30,-0.0039996528135250505,-0.006811487356856771,0.06771941352610011,0.5,-0.059062130122900756
CRO,Blow-off rally / parabolic → Sell-off / drawdown,24,-0.004264143943497741,-6.960066059735759E-4,0.05850675698433046,0.5,-0.07288293119100385
BTC,Blow-off rally / parabolic → Sell-off / drawdown,29,-0.0060106718467949965,-0.002796165333308842,0.04710106317853059,0.41379310344827586,-0.12761223295559823
ADA,Blow-off rally / parabolic → Sell-off / drawdown,35,-0.008208530254077435,-0.004817597490339776,0.05281621413701723,0.4857142857142857,-0.1554168618141135
XRP,Blow-off rally / parabolic → Sell-off / drawdown,38,-0.01136372807098844,-0.010359700290770713,0.051258213836072423,0.42105263157894735,-0.22169574826252214
DOGE,Blow-off rally / parabolic → Sell-off / drawdown,41,-0.014648752769089116,-0.004344061280079359,0.04504359909207252,0.43902439024390244,-0.32521275085381074
EOS,Blow-off rally / parabolic → Sell-off / drawdown,31,-0.014912179173638337,-1.3422404538498967E-4,0.06596218488096064,0.4838709677419355,-0.22607163787175574
CRO,Bull impulse → Blow-off rally / parabolic,1,0.12169844096592675,0.12169844096592675,,1.0,
XRP,Bull impulse → Calm / normal,2,0.14100865905192073,0.12895825580402143,0.017041843705243982,1.0,8.274260783680973
ETH,Bull impulse → Calm / normal,1,0.045416120358946266,0.045416120358946266,,1.0,
BTC,Bull impulse → Calm / normal,2,-0.06261226911865903,-0.08769744361032217,0.03547579398060562,0.0,-1.7649293248486202
ATOM,Bull impulse → Choppy high-vol sideways,7,0.08021480412514596,0.1098165042504915,0.08034386622422442,0.7142857142857143,0.9983936284729158
DOT,Bull impulse → Choppy high-vol sideways,8,0.07099511767422023,0.07352990311427643,0.08833657964191816,0.75,0.8036887771974712
UNI,Bull impulse → Choppy high-vol sideways,6,0.06995084318464051,0.03512601834378781,0.08400568164408236,0.8333333333333334,0.8326918110254758
LTC,Bull impulse → Choppy high-vol sideways,10,0.036034030942654206,0.019520752521003715,0.08397563088150987,0.7,0.42910104472449206
BTC,Bull impulse → Choppy high-vol sideways,1,0.0316037711962025,0.0316037711962025,,1.0,
AAVE,Bull impulse → Choppy high-vol sideways,7,0.0270427812654978,0.03060376216568894,0.046101604405660815,0.7142857142857143,0.5865908923156092
SOL,Bull impulse → Choppy high-vol sideways,13,0.02594740953568891,7.373030760038368E-4,0.09625673183288551,0.5384615384615384,0.2695646220436516
BNB,Bull impulse → Choppy high-vol sideways,12,0.02316775757929398,0.0037652908785297257,0.08927043181235275,0.6666666666666666,0.25952330585778743
MIOTA,Bull impulse → Choppy high-vol sideways,13,0.021623536887398546,0.03237033384806556,0.05791566338106743,0.6153846153846154,0.37336250031571355
CRO,Bull impulse → Choppy high-vol sideways,2,0.015177085143859737,-0.050994407436523836,0.09358062224964908,0.5,0.16218192163086037
XRP,Bull impulse → Choppy high-vol sideways,16,0.012735408330873098,-0.02965957804020647,0.0961870958697466,0.5,0.13240246226083144
ETH,Bull impulse → Choppy high-vol sideways,12,0.012225448074672398,-0.005664799930900077,0.040672476862623166,0.5,0.30058282695606453
TRX,Bull impulse → Choppy high-vol sideways,14,0.010197103446330878,0.0017647275427470355,0.10797634233117963,0.5714285714285714,0.09443831145025114
XLM,Bull impulse → Choppy high-vol sideways,18,0.008011313153652746,-0.013153314452166942,0.10640213938089088,0.5,0.07529278264767225
EOS,Bull impulse → Choppy high-vol sideways,10,0.0076229744521976285,-0.006451879762007895,0.07472359391586594,0.5,0.10201562923727434
XEM,Bull impulse → Choppy high-vol sideways,23,-0.004871125210112307,-0.004318341963431838,0.06283177331312523,0.43478260869565216,-0.07752646397288225
XMR,Bull impulse → Choppy high-vol sideways,14,-0.0059770242155992625,-0.014745713125502213,0.0852512911613914,0.35714285714285715,-0.07011065913692739
DOGE,Bull impulse → Choppy high-vol sideways,25,-0.006707051222093679,-0.042098131711948206,0.10047476316321412,0.48,-0.0667535907618767
ADA,Bull impulse → Choppy high-vol sideways,10,-0.02395021825063929,-0.017514300423496332,0.0809120084543346,0.3,-0.2960032596911297
LINK,Bull impulse → Choppy high-vol sideways,21,-0.02684187494245103,-0.013756884286675763,0.08556938439544477,0.42857142857142855,-0.31368549782251254
LINK,Bull impulse → Sell-off / drawdown,2,0.08572049544998239,0.04206224882105136,0.06174208449206372,1.0,1.3883641304821972
MIOTA,Bull impulse → Sell-off / drawdown,2,0.06488169899770786,0.012383311979662498,0.07424393092363138,1.0,0.8738990270389417
BTC,Bull impulse → Sell-off / drawdown,2,0.04907760506517178,0.010583423711077344,0.05443899334340986,1.0,0.901515660945132
DOGE,Bull impulse → Sell-off / drawdown,8,0.04427822092164668,0.04399377366524693,0.114189422226904,0.625,0.3877611433540852
UNI,Bull impulse → Sell-off / drawdown,1,0.03872153820561852,0.03872153820561852,,1.0,
EOS,Bull impulse → Sell-off / drawdown,6,0.03811359801007375,0.034900678705898525,0.0818739216759352,0.6666666666666666,0.46551572503062716
SOL,Bull impulse → Sell-off / drawdown,2,0.03773606928447726,-0.016645663444159187,0.07690738397018648,0.5,0.4906690012899909
XEM,Bull impulse → Sell-off / drawdown,10,0.034816547132107314,0.038706503601842746,0.09419415428496544,0.6,0.3696253487958166
XRP,Bull impulse → Sell-off / drawdown,12,0.026747485232769957,0.0159027190118195,0.06667854670091894,0.6666666666666666,0.40114079499578137
CRO,Bull impulse → Sell-off / drawdown,1,0.006183162715389212,0.006183162715389212,,1.0,
LTC,Bull impulse → Sell-off / drawdown,6,0.002795031818683902,-0.027990985830922632,0.056269441801329284,0.5,0.0496722862215753
BNB,Bull impulse → Sell-off / drawdown,1,7.338421874356627E-4,7.338421874356627E-4,,1.0,
ETH,Bull impulse → Sell-off / drawdown,5,-0.005359875219535804,0.007989115209952047,0.10449014803926375,0.6,-0.051295507950871594
XLM,Bull impulse → Sell-off / drawdown,5,-0.014028478744041473,-0.025340171411334822,0.08504792416234332,0.4,-0.1649479265039236
ADA,Bull impulse → Sell-off / drawdown,1,-0.014154989190482525,-0.014154989190482525,,0.0,
TRX,Bull impulse → Sell-off / drawdown,3,-0.016600463652470143,-0.028892866772754378,0.14192891124249243,0.3333333333333333,-0.1169632283313119
XMR,Bull impulse → Sell-off / drawdown,7,-0.03904611417355278,-0.019849406048039087,0.09288606313692664,0.2857142857142857,-0.4203656916322691
AAVE,Bull impulse → Sell-off / drawdown,1,-0.057707518368785404,-0.057707518368785404,,0.0,
LINK,Calm / normal → Blow-off rally / parabolic,69,0.01232464251618298,0.010645784476478015,0.05444055107850237,0.5942028985507246,0.2263871741197302
BNB,Calm / normal → Blow-off rally / parabolic,79,0.009925022661258462,-2.584218756012113E-4,0.04798011254643275,0.4936708860759494,0.20685701084284705
AAVE,Calm / normal → Blow-off rally / parabolic,5,0.009370933516192715,0.004397936949743553,0.05135088792571598,0.6,0.18248824693642446
ETH,Calm / normal → Blow-off rally / parabolic,160,0.007591477778949511,-4.197461124126889E-4,0.04920519925634652,0.5,0.15428202494211743
DOT,Calm / normal → Blow-off rally / parabolic,20,0.006594690966975481,-0.00784307912494775,0.04631169316626982,0.45,0.14239796725416617
MIOTA,Calm / normal → Blow-off rally / parabolic,67,0.00652047389764716,-0.002794926255843988,0.057463932501288874,0.47761194029850745,0.11347072178711248
BTC,Calm / normal → Blow-off rally / parabolic,232,0.006343784951504967,0.0019403216320661443,0.036145917633407514,0.5560344827586207,0.1755048804084527
TRX,Calm / normal → Blow-off rally / parabolic,68,0.006013358072422981,-0.008508290712066824,0.057085816369188636,0.45588235294117646,0.10533891700055667
XRP,Calm / normal → Blow-off rally / parabolic,147,0.005917364964811172,-0.006524737641730449,0.05928180819241465,0.43537414965986393,0.0998175518804152
XLM,Calm / normal → Blow-off rally / parabolic,139,0.0051496288523531445,-0.0057726844142771405,0.057439430039466804,0.45323741007194246,0.08965320249199582
ADA,Calm / normal → Blow-off rally / parabolic,75,0.004601648366172847,-0.0022615019231135847,0.048601266724879494,0.48,0.09468165494989486
XMR,Calm / normal → Blow-off rally / parabolic,163,0.0033429260720171947,0.0027654530991938486,0.049531783397886595,0.5337423312883436,0.06749052512734338
DOGE,Calm / normal → Blow-off rally / parabolic,145,0.00316235042355768,-0.006678894883661357,0.05689648173886965,0.41379310344827586,0.05558077278084621
WBTC,Calm / normal → Blow-off rally / parabolic,73,0.0013445503567064056,-0.0014309538247836429,0.027459586135206878,0.4794520547945205,0.048964698524079774
ATOM,Calm / normal → Blow-off rally / parabolic,42,3.918056321402915E-4,-0.010903409269723996,0.05089168362381046,0.47619047619047616,0.00769881450644284
LTC,Calm / normal → Blow-off rally / parabolic,194,1.0142639501383761E-4,-0.0038405966064005703,0.04556190383176379,0.4381443298969072,0.0022261228457079426
EOS,Calm / normal → Blow-off rally / parabolic,78,-0.0027527236994296057,-0.00941718179703166,0.05312222774052717,0.358974358974359,-0.05181867960950631
CRO,Calm / normal → Blow-off rally / parabolic,67,-0.00573896391977125,-0.0023492037290475665,0.04113104761186115,0.4626865671641791,-0.13952875632849865
XEM,Calm / normal → Blow-off rally / parabolic,99,-0.007990874362907156,-0.013458445018680099,0.05903654418928587,0.3838383838383838,-0.1353547107582453
SOL,Calm / normal → Blow-off rally / parabolic,9,-0.00892700671221707,0.0011565895395014847,0.0862179392928865,0.5555555555555556,-0.10354001482094807
UNI,Calm / normal → Blow-off rally / parabolic,4,-0.013473205716317271,-0.020955297969474707,0.023184726606270908,0.25,-0.5811242006482447
XLM,Calm / normal → Bull impulse,1,0.16264976010722454,0.16264976010722454,,1.0,
XRP,Calm / normal → Bull impulse,3,0.13159227473194515,0.12194444508392,0.01862245085525477,1.0,7.066324177991494
ETH,Calm / normal → Bull impulse,1,0.08197851586094618,0.08197851586094618,,1.0,
XEM,Calm / normal → Choppy high-vol sideways,2,0.06399894548252083,0.007535391057477803,0.07985152444768724,1.0,0.8014743102925751
BNB,Calm / normal → Choppy high-vol sideways,2,0.06011175810885794,0.05210870733132822,0.011318022949943071,1.0,5.311153579977526
ETH,Calm / normal → Choppy high-vol sideways,3,0.04729109039973493,0.03272651765161516,0.027428515512714004,1.0,1.7241578523567553
CRO,Calm / normal → Choppy high-vol sideways,1,0.03868402225766365,0.03868402225766365,,1.0,
EOS,Calm / normal → Choppy high-vol sideways,2,0.02095090742200304,-0.024639930859755355,0.06447518181802121,0.5,0.3249453019168863
XMR,Calm / normal → Choppy high-vol sideways,6,0.00945770317024989,-0.024503150870057055,0.060996276294482975,0.3333333333333333,0.15505377942399617
LTC,Calm / normal → Choppy high-vol sideways,4,0.004979038267408198,-0.01570324286436975,0.05052420485515893,0.5,0.09854758291955183
LINK,Calm / normal → Choppy high-vol sideways,1,-0.003065408974909367,-0.003065408974909367,,0.0,
XRP,Calm / normal → Choppy high-vol sideways,4,-0.010097526632885531,-0.015004568303734978,0.03919724846765112,0.5,-0.2576080471877729
XLM,Calm / normal → Choppy high-vol sideways,2,-0.010569921119050862,-0.035574319548341116,0.035361559377682796,0.5,-0.2989099266284534
SOL,Calm / normal → Choppy high-vol sideways,1,-0.037945632714938726,-0.037945632714938726,,0.0,
BTC,Calm / normal → Choppy high-vol sideways,1,-0.072981899673918,-0.072981899673918,,0.0,
UNI,Calm / normal → Sell-off / drawdown,4,0.054663426397230985,0.05539011299782004,0.05266445024403566,0.75,1.0379568407898023
WBTC,Calm / normal → Sell-off / drawdown,48,0.01846419773432247,0.007693736183348676,0.046699573529042485,0.5833333333333334,0.39538257716292796
BNB,Calm / normal → Sell-off / drawdown,73,0.009138510387766847,0.01468137550150539,0.0527334736682786,0.6438356164383562,0.1732961959846018
BTC,Calm / normal → Sell-off / drawdown,167,0.006027873774037116,0.008885880311280125,0.04343588971028149,0.5808383233532934,0.13877633943366166
MIOTA,Calm / normal → Sell-off / drawdown,58,0.005117241958106641,0.01044156402691132,0.05297032202852261,0.603448275862069,0.09660583062627391
XLM,Calm / normal → Sell-off / drawdown,117,0.002908249312817875,0.00982938253060972,0.04988314881272963,0.5897435897435898,0.058301237633092674
DOT,Calm / normal → Sell-off / drawdown,17,0.002613697642126894,0.014656690068096445,0.062171273101693764,0.5294117647058824,0.0420402786002413
ADA,Calm / normal → Sell-off / drawdown,78,0.0024189841079103624,0.012443751610533127,0.06553101763638665,0.6153846153846154,0.036913574596577015
LINK,Calm / normal → Sell-off / drawdown,42,0.0021039646245150736,0.011611842450862109,0.06166050169083559,0.5714285714285714,0.03412175650247392
XEM,Calm / normal → Sell-off / drawdown,94,0.0020192898420042958,0.010620643878777702,0.05501452043111973,0.5851063829787234,0.03670467044300647
XMR,Calm / normal → Sell-off / drawdown,114,0.0017148669193986644,0.007744612885943587,0.05381486074155077,0.5789473684210527,0.03186604770073493
AAVE,Calm / normal → Sell-off / drawdown,8,5.099007656349519E-4,-0.011713241939396823,0.060077038002319796,0.5,0.008487448492638114
CRO,Calm / normal → Sell-off / drawdown,45,-5.603479275770182E-4,4.7318970018794815E-4,0.04286786399845582,0.5111111111111111,-0.013071515007073901
ETH,Calm / normal → Sell-off / drawdown,111,-0.002250195852698999,0.006443301029174897,0.05222601627637892,0.5765765765765766,-0.04308572648526383
TRX,Calm / normal → Sell-off / drawdown,54,-0.0026732691615409645,0.0016786129755992363,0.05722642309328951,0.5925925925925926,-0.04671389573279896
XRP,Calm / normal → Sell-off / drawdown,139,-0.004308870521782491,-0.004345293943315731,0.048806801080244586,0.4748201438848921,-0.08828422323147464
LTC,Calm / normal → Sell-off / drawdown,145,-0.0053729974266113764,0.001933745456063507,0.05164215532696361,0.5241379310344828,-0.10404285786666238
ATOM,Calm / normal → Sell-off / drawdown,39,-0.005448137505457388,0.0026438671803692415,0.05708547556904975,0.5384615384615384,-0.09543824328602468
DOGE,Calm / normal → Sell-off / drawdown,104,-0.006507493185076688,-0.005537482873675614,0.045348532969603964,0.4519230769230769,-0.14349953039139116
EOS,Calm / normal → Sell-off / drawdown,67,-0.007425643183423117,0.0068876100134034335,0.06103262156355691,0.5373134328358209,-0.12166679053250812
SOL,Calm / normal → Sell-off / drawdown,7,-0.03442751010179606,-0.041364802032044956,0.03867336628798509,0.14285714285714285,-0.8902123969614686
DOT,Choppy high-vol sideways → Blow-off rally / parabolic,10,0.032473057749495694,0.015841015155271698,0.07545213850547357,0.8,0.4303795544130268
XRP,Choppy high-vol sideways → Blow-off rally / parabolic,42,0.030121965691694442,0.010964080914305896,0.07379066432902803,0.6190476190476191,0.4082083548859575
AAVE,Choppy high-vol sideways → Blow-off rally / parabolic,17,0.029844960926962125,0.03173454963330613,0.08137207948687515,0.7058823529411765,0.3667715156741932
CRO,Choppy high-vol sideways → Blow-off rally / parabolic,23,0.018905529951730178,0.0031399392448498986,0.05503733689506963,0.5217391304347826,0.34350371980704936
DOGE,Choppy high-vol sideways → Blow-off rally / parabolic,40,0.01707021804274535,-0.003185964667493657,0.07681620613110142,0.45,0.22222157149510596
MIOTA,Choppy high-vol sideways → Blow-off rally / parabolic,43,0.015701753144843896,0.002398642849455901,0.07229956665544186,0.5116279069767442,0.21717631060880022
TRX,Choppy high-vol sideways → Blow-off rally / parabolic,37,0.015627407079141894,0.006519327086965454,0.07753640524589274,0.5675675675675675,0.20154928552055498
BNB,Choppy high-vol sideways → Blow-off rally / parabolic,41,0.008903950503656178,0.003478277638458427,0.06395600009796876,0.5121951219512195,0.13921994011534453
LTC,Choppy high-vol sideways → Blow-off rally / parabolic,62,0.00867762209747139,-0.002321314056532575,0.06400532585398583,0.5,0.13557656307019653
XMR,Choppy high-vol sideways → Blow-off rally / parabolic,76,0.007704608456693857,0.0010230362499552004,0.06668602438931671,0.5131578947368421,0.11553557926491352
XEM,Choppy high-vol sideways → Blow-off rally / parabolic,69,0.007454429751017772,-0.0077506222546546155,0.08220315797887343,0.4492753623188406,0.09068300944026497
XLM,Choppy high-vol sideways → Blow-off rally / parabolic,59,0.005257237947556691,-0.008572204308265441,0.07444715933499257,0.4745762711864407,0.07061703891078647
LINK,Choppy high-vol sideways → Blow-off rally / parabolic,53,0.0047122468202865555,-0.005812318285201901,0.0696256764091129,0.4716981132075472,0.06767972769984892
ADA,Choppy high-vol sideways → Blow-off rally / parabolic,47,0.0034167798750385342,-0.0036919403860666833,0.07917113659915066,0.46808510638297873,0.04315688799995312
UNI,Choppy high-vol sideways → Blow-off rally / parabolic,17,0.002355418844107465,-0.011485303465339491,0.06717703820808951,0.4117647058823529,0.03506285640059409
SOL,Choppy high-vol sideways → Blow-off rally / parabolic,27,0.001746750171885858,-0.007178565297896178,0.09500950984391314,0.48148148148148145,0.018385003509180455
ETH,Choppy high-vol sideways → Blow-off rally / parabolic,63,-0.0030061216739586745,-0.012960670554108766,0.05894051929590049,0.3968253968253968,-0.05100263299118507
BTC,Choppy high-vol sideways → Blow-off rally / parabolic,16,-0.006808905914639285,-0.011695450096502746,0.048573073967083776,0.5,-0.14017860840459542
EOS,Choppy high-vol sideways → Blow-off rally / parabolic,43,-0.008919270242021531,-0.021952840225955006,0.08008501481087693,0.32558139534883723,-0.11137252409935423
ATOM,Choppy high-vol sideways → Blow-off rally / parabolic,38,-0.014519822449928294,-0.016863824428329677,0.06515677605764816,0.42105263157894735,-0.22284439667612965
WBTC,Choppy high-vol sideways → Blow-off rally / parabolic,3,-0.02150018448929991,-0.009562087356908222,0.041928995939566054,0.3333333333333333,-0.5127760397670622
BNB,Choppy high-vol sideways → Bull impulse,8,0.11565511658856457,0.16394495813754498,0.08859955125015129,0.875,1.3053691012725879
BTC,Choppy high-vol sideways → Bull impulse,1,0.09305162696342073,0.09305162696342073,,1.0,
XEM,Choppy high-vol sideways → Bull impulse,17,0.05851680315222568,0.07716459625411787,0.10886263429546957,0.6470588235294118,0.5375288181379322
DOGE,Choppy high-vol sideways → Bull impulse,17,0.04666065560676969,0.008478633580282668,0.1284420242704176,0.5882352941176471,0.3632818454225845
ATOM,Choppy high-vol sideways → Bull impulse,5,0.04492441485899268,0.02274964173897409,0.08785454278666814,0.6,0.511349936315529
SOL,Choppy high-vol sideways → Bull impulse,12,0.041858735275034746,-0.005943063985260455,0.09936470918057531,0.5,0.4212636017377653
MIOTA,Choppy high-vol sideways → Bull impulse,12,0.02671713904943965,0.00688089238283357,0.0822663430511108,0.5833333333333334,0.3247639077969068
AAVE,Choppy high-vol sideways → Bull impulse,6,0.02606444492696876,-0.004783880209372704,0.07225675669671719,0.5,0.3607198291001198
LTC,Choppy high-vol sideways → Bull impulse,6,0.021982062006130065,-0.04946919506066205,0.1119622707874555,0.5,0.19633454959001226
XLM,Choppy high-vol sideways → Bull impulse,11,0.020032440213331008,8.078977746799332E-4,0.11026334140036542,0.5454545454545454,0.18167815303722165
XRP,Choppy high-vol sideways → Bull impulse,10,0.015089059657177087,-0.013030812850550966,0.082295521240324,0.4,0.18335213666261582
EOS,Choppy high-vol sideways → Bull impulse,9,0.012026572291808726,-0.004429654481930778,0.10428693841575816,0.4444444444444444,0.11532194227298809
XMR,Choppy high-vol sideways → Bull impulse,13,0.010645963323606879,-0.01689491360423584,0.11005185037641405,0.46153846153846156,0.09673588664973949
ETH,Choppy high-vol sideways → Bull impulse,8,0.010162978683434465,-0.021338969118986695,0.055574934112966906,0.375,0.18286982873926988
UNI,Choppy high-vol sideways → Bull impulse,7,-0.001119165892122988,0.019020116670429132,0.04967321394950884,0.5714285714285714,-0.022530571371133398
ADA,Choppy high-vol sideways → Bull impulse,6,-0.010906035128834812,-0.0880924861072867,0.13128020978210544,0.3333333333333333,-0.08307447974783319
LINK,Choppy high-vol sideways → Bull impulse,17,-0.02663788063825873,-0.04234014093348239,0.08374997418738026,0.17647058823529413,-0.318064344457704
TRX,Choppy high-vol sideways → Bull impulse,14,-0.027748647771705652,-0.03905988206905309,0.09179890523074673,0.2857142857142857,-0.3022764563690204
DOT,Choppy high-vol sideways → Bull impulse,5,-0.04732648085490263,-0.06805873042393396,0.08357945563383078,0.2,-0.5662453828635144
LTC,Choppy high-vol sideways → Calm / normal,29,0.026621056477221825,0.01925741026068084,0.06335845970329504,0.5862068965517241,0.4201657774176818
BTC,Choppy high-vol sideways → Calm / normal,6,0.02206138641651571,0.020219707267559173,0.046914830592917005,0.8333333333333334,0.47024333537391994
SOL,Choppy high-vol sideways → Calm / normal,7,0.021150288768231888,0.013025063957065264,0.11089525951946795,0.5714285714285714,0.19072310989559385
EOS,Choppy high-vol sideways → Calm / normal,21,0.017096399734038585,-0.0029976790367800543,0.06450235551730003,0.42857142857142855,0.2650507814315897
BNB,Choppy high-vol sideways → Calm / normal,11,0.01709328874315337,0.009068217847881588,0.04194386859345099,0.5454545454545454,0.4075277106371221
MIOTA,Choppy high-vol sideways → Calm / normal,10,0.013617745843797819,0.0026298851125171607,0.05766452178822659,0.6,0.23615466532106338
XMR,Choppy high-vol sideways → Calm / normal,32,0.01358942531242643,0.007347669064317941,0.04956148281522305,0.625,0.27419327551379014
ATOM,Choppy high-vol sideways → Calm / normal,9,0.012482687990469513,0.021953450060607782,0.025117761301937422,0.6666666666666666,0.49696658234851043
DOGE,Choppy high-vol sideways → Calm / normal,24,0.011923532800326228,2.0979900317463773E-4,0.05495338397642415,0.5416666666666666,0.21697540601760953
TRX,Choppy high-vol sideways → Calm / normal,15,0.009027880444972426,0.003961127415481602,0.024710785473706365,0.6666666666666666,0.36534170290048396
XLM,Choppy high-vol sideways → Calm / normal,26,0.007386025086986496,0.010390981256096943,0.041983053817844146,0.6153846153846154,0.17592872398070286
DOT,Choppy high-vol sideways → Calm / normal,6,0.007365219293871979,-0.004882691495427416,0.035935063589970194,0.5,0.20495912788443427
ADA,Choppy high-vol sideways → Calm / normal,18,0.0051474006894206125,-0.01006831342223169,0.044904645216973176,0.3333333333333333,0.11462958151765966
CRO,Choppy high-vol sideways → Calm / normal,6,0.004055326687264049,0.01593654008489942,0.05918608257850312,0.6666666666666666,0.0685182480507162
XRP,Choppy high-vol sideways → Calm / normal,31,0.0021154608429477012,1.2543964413413988E-4,0.05369953717684627,0.5161290322580645,0.03939439619341502
XEM,Choppy high-vol sideways → Calm / normal,34,0.0015686440676812934,-0.0036351343206684206,0.049972544264187936,0.5,0.03139011812943529
ETH,Choppy high-vol sideways → Calm / normal,26,-0.001353610721972645,0.0024107452669923646,0.04456352986891283,0.5384615384615384,-0.030374854190285166
UNI,Choppy high-vol sideways → Calm / normal,4,-0.011021174863636518,-0.05504484293369627,0.0710594015028676,0.5,-0.15509805360789253
LINK,Choppy high-vol sideways → Calm / normal,13,-0.027367907875140172,-0.01949230378309208,0.050677298880450077,0.15384615384615385,-0.5400427504966719
WBTC,Choppy high-vol sideways → Calm / normal,2,-0.05646177656794471,-0.059457701523623285,0.004236877704172654,0.0,-13.326270076745145
ADA,Choppy high-vol sideways → Sell-off / drawdown,77,0.01987271952315555,0.01589873780516582,0.06194405207242884,0.6493506493506493,0.3208172352031335
WBTC,Choppy high-vol sideways → Sell-off / drawdown,6,0.01985033290560286,0.0033898196110211387,0.04742273880256035,0.6666666666666666,0.4185825915337294
UNI,Choppy high-vol sideways → Sell-off / drawdown,29,0.014633342910631614,0.01952075756403726,0.07664445749749321,0.6551724137931034,0.19092499821151743
ATOM,Choppy high-vol sideways → Sell-off / drawdown,55,0.014473139265633437,0.016004286917674637,0.06945387413597737,0.6,0.20838490934714174
XEM,Choppy high-vol sideways → Sell-off / drawdown,130,0.014151493653618114,0.010145595044111388,0.07220209573684307,0.5923076923076923,0.1959983780137968
XMR,Choppy high-vol sideways → Sell-off / drawdown,148,0.012952335540303788,0.010926749393131763,0.06005125427805377,0.6283783783783784,0.21568801011767252
DOT,Choppy high-vol sideways → Sell-off / drawdown,20,0.011000966183314554,0.00403730582359163,0.07448724540968896,0.6,0.14768926039361363
EOS,Choppy high-vol sideways → Sell-off / drawdown,80,0.010294526726743516,0.0022261196929218574,0.0661021854088508,0.575,0.15573655640990539
LTC,Choppy high-vol sideways → Sell-off / drawdown,98,0.010196854052732915,0.010386772686436951,0.05881961236762561,0.5918367346938775,0.1733580627665829
TRX,Choppy high-vol sideways → Sell-off / drawdown,96,0.009583895005557024,0.014072151253057275,0.07099830092217714,0.5729166666666666,0.1349876670437811
DOGE,Choppy high-vol sideways → Sell-off / drawdown,103,0.008791493618556813,-0.004120562306271447,0.07999603356487318,0.4854368932038835,0.10989911907853915
BNB,Choppy high-vol sideways → Sell-off / drawdown,60,0.007692407295778399,-8.230010700236434E-4,0.07015625730674857,0.48333333333333334,0.10964677408808181
XLM,Choppy high-vol sideways → Sell-off / drawdown,127,0.0073097453590373,0.007349095021625951,0.06394024297197455,0.5669291338582677,0.11432151363955892
SOL,Choppy high-vol sideways → Sell-off / drawdown,32,0.0062780461781086795,-0.001832035279212274,0.08164808083156105,0.5,0.07689153393648294
XRP,Choppy high-vol sideways → Sell-off / drawdown,113,0.005034710846338328,0.01043855938921201,0.06493783846976364,0.584070796460177,0.0775312354858037
ETH,Choppy high-vol sideways → Sell-off / drawdown,77,0.002325332211996561,-0.0012407283070876574,0.05981770823004225,0.4935064935064935,0.038873642618570084
MIOTA,Choppy high-vol sideways → Sell-off / drawdown,103,0.001528064379989262,0.010501337638912034,0.07090687645798359,0.5728155339805825,0.021550298875380982
CRO,Choppy high-vol sideways → Sell-off / drawdown,36,0.0012776656498963731,-0.013650540864688754,0.05324578845026587,0.3888888888888889,0.023995618941576466
LINK,Choppy high-vol sideways → Sell-off / drawdown,117,9.675307976445889E-4,-0.0023253296790872735,0.07613377796945905,0.4700854700854701,0.01270829877945519
AAVE,Choppy high-vol sideways → Sell-off / drawdown,30,-0.0036578805136647575,-0.00862706055867335,0.07371006191087079,0.4666666666666667,-0.04962525357919
BTC,Choppy high-vol sideways → Sell-off / drawdown,16,-0.004152444819848555,-0.009013727177579867,0.04736710259648249,0.375,-0.08766516405326676
AAVE,Sell-off / drawdown → Blow-off rally / parabolic,10,0.03622212639975668,-0.014057096311057116,0.10885615187229077,0.4,0.33275222187031017
ATOM,Sell-off / drawdown → Blow-off rally / parabolic,29,0.02256657170003198,0.02633266514771515,0.053269880181618774,0.6896551724137931,0.42362722842802203
SOL,Sell-off / drawdown → Blow-off rally / parabolic,10,0.01809410409547646,0.021956490901730685,0.07633184288792451,0.7,0.2370452934307302
DOT,Sell-off / drawdown → Blow-off rally / parabolic,8,0.011792251286151467,0.006863043578654526,0.0780043351973014,0.625,0.15117430661160772
ETH,Sell-off / drawdown → Blow-off rally / parabolic,49,0.008296368183002237,-0.0026833388963272142,0.06206136163708545,0.4897959183673469,0.13368008635576972
LTC,Sell-off / drawdown → Blow-off rally / parabolic,51,0.007851763555271512,5.39684594609291E-4,0.05992054384492245,0.5098039215686274,0.131036253202112
UNI,Sell-off / drawdown → Blow-off rally / parabolic,12,0.0025757938632556174,-0.022087219747415787,0.07622428321829117,0.4166666666666667,0.03379230022903668
XEM,Sell-off / drawdown → Blow-off rally / parabolic,67,0.0024657109246764225,-0.0041375088637103374,0.07089765978233638,0.44776119402985076,0.034778452945364156
XRP,Sell-off / drawdown → Blow-off rally / parabolic,52,0.0022427506700782103,-0.008665995447035557,0.051211696636435565,0.4423076923076923,0.04379371935282772
XLM,Sell-off / drawdown → Blow-off rally / parabolic,61,8.804653362621508E-4,-0.010661506338556448,0.061234945807237026,0.39344262295081966,0.014378478247270586
XMR,Sell-off / drawdown → Blow-off rally / parabolic,69,-6.999251849383777E-4,-0.011818119633121738,0.059705004583059135,0.4057971014492754,-0.011723057218171228
ADA,Sell-off / drawdown → Blow-off rally / parabolic,44,-0.002383940484661714,-0.006637905534202293,0.05288479454092684,0.4318181818181818,-0.045077994636375386
TRX,Sell-off / drawdown → Blow-off rally / parabolic,34,-0.003527506715504287,-0.013773520413467466,0.0697638602274714,0.4411764705882353,-0.050563525355428025
BNB,Sell-off / drawdown → Blow-off rally / parabolic,41,-0.003971162192865073,-6.364757422394618E-5,0.051488778554524474,0.4878048780487805,-0.07712675080570765
LINK,Sell-off / drawdown → Blow-off rally / parabolic,46,-0.005987310087534142,-0.012921710235088923,0.07981157270060418,0.391304347826087,-0.07501806924660209
BTC,Sell-off / drawdown → Blow-off rally / parabolic,41,-0.006014805246929035,-0.006795846974767095,0.039296409056859334,0.43902439024390244,-0.15306246528088624
EOS,Sell-off / drawdown → Blow-off rally / parabolic,34,-0.006724029105681172,-0.006294045175826213,0.051866220174621475,0.4117647058823529,-0.12964178000715942
DOGE,Sell-off / drawdown → Blow-off rally / parabolic,42,-0.008133210128826559,-0.022898958309233386,0.0643915441754463,0.30952380952380953,-0.12630866727883042
MIOTA,Sell-off / drawdown → Blow-off rally / parabolic,35,-0.008251950781146232,-0.011393747474425453,0.06601580905925876,0.34285714285714286,-0.12499961598196743
CRO,Sell-off / drawdown → Blow-off rally / parabolic,22,-0.009649616195179981,0.005233710109567191,0.061207714891647585,0.5454545454545454,-0.15765359337890866
WBTC,Sell-off / drawdown → Blow-off rally / parabolic,16,-0.013427731775245477,-0.017463569512303323,0.042803552762183596,0.375,-0.3137060105699616
DOGE,Sell-off / drawdown → Bull impulse,3,0.15096767448012027,0.16744378466015597,0.037105671897589,1.0,4.068587543618355
BTC,Sell-off / drawdown → Bull impulse,1,0.09305162696342073,0.09305162696342073,,1.0,
XEM,Sell-off / drawdown → Bull impulse,6,0.010707424530224732,-0.030815011520235913,0.12153301025898462,0.5,0.08810301421323644
ETH,Sell-off / drawdown → Bull impulse,1,-0.030636565123541182,-0.030636565123541182,,0.0,
XRP,Sell-off / drawdown → Bull impulse,1,-0.030789467431826867,-0.030789467431826867,,0.0,
MIOTA,Sell-off / drawdown → Bull impulse,1,-0.03781935166015098,-0.03781935166015098,,0.0,
XLM,Sell-off / drawdown → Bull impulse,1,-0.07745672290693184,-0.07745672290693184,,0.0,
LTC,Sell-off / drawdown → Bull impulse,1,-0.11976669820264862,-0.11976669820264862,,0.0,
TRX,Sell-off / drawdown → Bull impulse,1,-0.13603133909482512,-0.13603133909482512,,0.0,
EOS,Sell-off / drawdown → Bull impulse,1,-0.1600146659268663,-0.1600146659268663,,0.0,
SOL,Sell-off / drawdown → Calm / normal,7,0.031138104382716643,0.033946966246654386,0.10259383369037617,0.7142857142857143,0.30350853713772036
UNI,Sell-off / drawdown → Calm / normal,1,0.015564200730719069,0.015564200730719069,,1.0,
TRX,Sell-off / drawdown → Calm / normal,48,0.011664994323237496,0.0046954046068306,0.05191508211308004,0.5833333333333334,0.2246937469506283
DOT,Sell-off / drawdown → Calm / normal,15,0.008871857042675908,0.01985562994918766,0.06695530110127958,0.6,0.13250417661860622
WBTC,Sell-off / drawdown → Calm / normal,43,0.0021203368909741642,0.00367207048590501,0.04536832371526072,0.5813953488372093,0.04673606422581882
AAVE,Sell-off / drawdown → Calm / normal,6,9.324370641465111E-4,0.00835886578009326,0.054490793297907805,0.6666666666666666,0.01711182766323045
XEM,Sell-off / drawdown → Calm / normal,80,-1.1170356681200339E-4,-0.005491392221740998,0.05368913888469468,0.475,-0.0020805617138301142
CRO,Sell-off / drawdown → Calm / normal,47,-8.75952642202099E-4,-0.0019336838813450719,0.04939512201990142,0.46808510638297873,-0.017733585957114866
LINK,Sell-off / drawdown → Calm / normal,43,-0.0015920129253852754,0.0057791994460407725,0.05228012586434405,0.5813953488372093,-0.03045158937673973
DOGE,Sell-off / drawdown → Calm / normal,102,-0.002879095754936657,-0.002994020954255383,0.044066581416330894,0.46078431372549017,-0.06533512839890221
ETH,Sell-off / drawdown → Calm / normal,99,-0.0031290213267967265,-0.0015651178774573893,0.052078344577972696,0.46464646464646464,-0.06008296446734968
XMR,Sell-off / drawdown → Calm / normal,112,-0.003482188377242964,0.003387140001273714,0.043439909352825636,0.5089285714285714,-0.08016104151967937
BTC,Sell-off / drawdown → Calm / normal,154,-0.004105429635640821,4.8091419529061596E-4,0.044058366578642566,0.512987012987013,-0.09318161235761611
MIOTA,Sell-off / drawdown → Calm / normal,51,-0.004605079841275616,-2.8448753922516445E-4,0.04707211756182515,0.49019607843137253,-0.09783030974179656
LTC,Sell-off / drawdown → Calm / normal,150,-0.006773617473280102,-0.0033612945802108385,0.04480725116616254,0.4666666666666667,-0.15117235038946977
XLM,Sell-off / drawdown → Calm / normal,122,-0.006803401080322961,-0.004219223227775792,0.048544387562756544,0.4262295081967213,-0.14014804639419445
XRP,Sell-off / drawdown → Calm / normal,125,-0.007373441703574389,-0.009328059187047266,0.0419075722861502,0.4,-0.17594533162712453
BNB,Sell-off / drawdown → Calm / normal,63,-0.007560079920238706,-0.0023549498937982527,0.04331851301548106,0.4603174603174603,-0.1745230709451385
ATOM,Sell-off / drawdown → Calm / normal,34,-0.009110056924791858,-0.003953039225272459,0.047069759138371664,0.4411764705882353,-0.1935437336318397
EOS,Sell-off / drawdown → Calm / normal,58,-0.01686728218886373,-0.011511033717074515,0.06402572630448189,0.39655172413793105,-0.2634453861350886
ADA,Sell-off / drawdown → Calm / normal,64,-0.018782624570221663,-0.01800459878508942,0.05258915471749776,0.453125,-0.35715775754753104
AAVE,Sell-off / drawdown → Choppy high-vol sideways,29,0.015636930172417778,0.02264036057930152,0.08140824786337236,0.5172413793103449,0.19208041670005319
SOL,Sell-off / drawdown → Choppy high-vol sideways,36,0.012976298339379666,0.013382342170096706,0.07191321704076092,0.5555555555555556,0.1804438582134993
WBTC,Sell-off / drawdown → Choppy high-vol sideways,4,0.011917539683060863,0.003833025714035543,0.07515361155957706,0.75,0.15857574154787474
UNI,Sell-off / drawdown → Choppy high-vol sideways,28,0.01029260273199061,0.0347874777913848,0.08538024797837146,0.6428571428571429,0.120550162077275
BTC,Sell-off / drawdown → Choppy high-vol sideways,17,0.008265523398180907,0.020439834442273153,0.06336612789289985,0.7058823529411765,0.1304407208240833
XRP,Sell-off / drawdown → Choppy high-vol sideways,123,0.0014880670537688076,9.508761062576587E-4,0.06914543456248726,0.5040650406504065,0.02152082871681181
DOGE,Sell-off / drawdown → Choppy high-vol sideways,108,-7.669790074028715E-4,-0.007037870979499594,0.0716570017490455,0.46296296296296297,-0.010703476124900633
EOS,Sell-off / drawdown → Choppy high-vol sideways,91,-0.005267759775915633,0.005564241812181514,0.07683329213814279,0.5164835164835165,-0.06856090152227812
ATOM,Sell-off / drawdown → Choppy high-vol sideways,58,-0.00604759074098021,-0.004008661734536845,0.06807650103480625,0.4827586206896552,-0.08883521698461248
XEM,Sell-off / drawdown → Choppy high-vol sideways,147,-0.006674478151634783,-0.004369921346497385,0.06354437425560204,0.46258503401360546,-0.10503649189757132
CRO,Sell-off / drawdown → Choppy high-vol sideways,37,-0.00689289113396402,-0.014334593682598484,0.06832261276213489,0.3783783783783784,-0.10088740543283399
BNB,Sell-off / drawdown → Choppy high-vol sideways,53,-0.007429939095437742,-0.00635853768953254,0.0679542354440651,0.4716981132075472,-0.10933739518787637
ETH,Sell-off / drawdown → Choppy high-vol sideways,86,-0.009278777043616888,-0.008355364222361931,0.061480929663925696,0.4069767441860465,-0.15092122214705653
LINK,Sell-off / drawdown → Choppy high-vol sideways,113,-0.010583383398328658,-0.008253463429833574,0.07264165647962563,0.46017699115044247,-0.14569303497776187
LTC,Sell-off / drawdown → Choppy high-vol sideways,102,-0.012146136371178937,-0.008218483849335101,0.06502563306495586,0.4215686274509804,-0.18678997494796912
XMR,Sell-off / drawdown → Choppy high-vol sideways,156,-0.0123682134593503,-0.009204837725250492,0.06566184181688275,0.44871794871794873,-0.1883622682081121
DOT,Sell-off / drawdown → Choppy high-vol sideways,17,-0.012411746620770426,-0.012568240690270738,0.08211251902870266,0.4117647058823529,-0.1511553508233241
XLM,Sell-off / drawdown → Choppy high-vol sideways,126,-0.012798219308884513,-0.0145904762021144,0.06979218068680906,0.42063492063492064,-0.18337612011747065
ADA,Sell-off / drawdown → Choppy high-vol sideways,83,-0.013398611861334602,-0.011314582315251176,0.0700937440665583,0.43373493975903615,-0.1911527489330831
MIOTA,Sell-off / drawdown → Choppy high-vol sideways,105,-0.01552185166199348,-0.011967057669568182,0.07259159439932038,0.4380952380952381,-0.21382436617398226
TRX,Sell-off / drawdown → Choppy high-vol sideways,105,-0.02239067510541294,-0.02169976896427661,0.07020353887972235,0.38095238095238093,-0.31893940765257184
