Date,symbol,ret_pct,zscore_7
2016-09-15,XRP,0.39283680802727705,26.080225298825365
2016-06-14,XRP,0.22000342055262756,23.713718396108284
2019-04-01,DOGE,0.1829689490112294,22.172045029818957
2018-10-11,XMR,-0.11523986638345107,-21.35960360187947
2015-05-22,LTC,0.2396654661805362,21.31321047299562
2017-02-09,LTC,-0.05582166546030276,-18.882071411723526
2016-01-15,LTC,-0.1353755027716066,-17.89649216892341
2014-05-20,BTC,0.08862546654656978,17.356003991810063
2016-12-05,LTC,-0.0951454345918814,-17.17015835805394
2015-10-29,LTC,0.2197648054233985,16.016033758516752
2014-08-11,LTC,-0.1278897040415029,-15.242708307911581
2016-02-12,XLM,0.24813761524989575,14.450916815241278
2019-05-11,EOS,0.14684258102666203,14.425971721415618
2019-02-08,XMR,0.11350160987407265,14.133465800724663
2016-12-23,LTC,0.2542380437096454,14.0683188494599
2018-12-17,DOGE,0.1919339107703344,12.989972573392041
2018-11-14,BTC,-0.09767135414946693,-12.550439789884498
2020-06-11,BNB,-0.06326896023792306,-12.436017007624077
2019-10-17,XEM,0.17540494511507876,12.257089263231498
2017-03-30,LTC,0.6676532092327261,12.214141559789207
2020-07-06,DOGE,0.13277833450221177,12.12364601001713
2018-10-29,BTC,-0.023705019278829398,-12.049811692798023
2019-04-02,WBTC,0.182155874414613,12.032705780260162
2018-11-14,BNB,-0.09097780050841153,-11.930382355447895
2020-04-28,XRP,0.08842333044028483,11.780330208090984
2020-06-11,XRP,-0.0628666096406818,-11.720088623708694
2016-01-15,XMR,-0.11927857359939043,-11.682747295950767
2015-01-03,LTC,-0.2002729063895866,-11.370319978019129
2020-10-14,XEM,-0.02612349988135787,-11.275662855055725
2018-11-14,ETH,-0.12294875886010448,-11.218207352751259
2017-04-27,XMR,0.09477696924560486,11.126871684584723
2016-03-29,DOGE,0.1812681310133315,10.746901784637204
2014-09-14,XRP,0.09149307438436494,10.71161123524213
2018-10-11,ETH,-0.16065093081866855,-10.657584301870692
2018-11-14,XMR,-0.13656541055816107,-10.599985862787715
2020-08-01,DOGE,0.14363567226323104,10.32099241105893
2018-11-14,TRX,-0.1199399959088121,-10.222627796696031
2017-09-14,XMR,-0.2541009305368005,-9.956760360718828
2015-06-16,BTC,0.059419931094701894,9.918374331089689
2021-01-01,DOGE,0.21415131614074512,9.853882527745736
2020-07-18,XEM,0.19148915317848836,9.7962475202127
2018-10-11,EOS,-0.13650402217724777,-9.778928774433416
2015-11-25,LTC,0.0761334861095937,9.663583094491715
2019-04-02,XRP,0.12391059743474941,9.630777315103511
2014-12-16,LTC,-0.12620913081868945,-9.61234119389438
2020-01-03,DOGE,0.0680721957936321,9.602604905782309
2019-03-27,EOS,0.14999805926099752,9.527361152798981
2019-04-02,BTC,0.17356012127717557,9.33468307245535
2014-05-20,LTC,0.031995465868331685,9.257607258017106
2016-01-15,BTC,-0.15332113923800128,-9.207962050345172
2016-05-19,BTC,-0.03498312238977719,-8.923265745284482
2018-10-29,LTC,-0.05518363417569183,-8.909789764745838
2016-10-18,ETH,0.048604739932103014,8.877018775987205
2017-02-18,DOGE,-0.05734727483883362,-8.869940562556144
2020-08-17,XEM,0.2102801291563825,8.866384226567572
2018-10-29,ETH,-0.03953429486867388,-8.80318066199934
2016-01-07,BTC,0.06744967414278147,8.757397819853601
2015-03-18,LTC,-0.12088386940678142,-8.737912332096338
2020-07-06,XRP,0.06524761301533899,8.678055170023972
2018-10-29,EOS,-0.051430077618829007,-8.668931411282793
2016-10-11,BTC,0.03566755456092752,8.656158905170017
2020-11-06,XEM,0.23681293772426315,8.644721762432768
2019-02-18,BTC,0.06583803989527404,8.634639424082376
2018-10-11,LTC,-0.11639514468333134,-8.55330166676578
2019-09-17,XRP,0.09220522924247465,8.533784370368757
2015-06-15,XRP,0.05304109317181416,8.51294341531304
2018-10-11,DOGE,-0.09929679704020744,-8.45840077184343
2019-05-11,XRP,0.08041659049638072,8.369396375214723
2017-03-02,XRP,0.1078122478629111,8.339417187637933
2015-06-16,DOGE,0.17033328306750106,8.142112244513564
2020-06-11,LINK,-0.1015970922100553,-8.099659556545042
2019-01-28,BNB,-0.12443451912508485,-8.090942523773233
2016-05-27,LTC,0.10259964305570457,8.049056974045893
2020-10-04,XRP,0.06330854321336621,8.046564601112388
2020-09-21,DOGE,-0.053149659635987945,-8.045717546342182
2019-12-17,DOGE,-0.04849661197239996,-7.899913128342571
2018-10-11,XLM,-0.14303394551994475,-7.895658316080427
2021-01-21,EOS,-0.08379334589010823,-7.872537383289136
2020-01-14,ADA,0.126971201916509,7.834850966907181
2017-02-14,ETH,0.15579219538209887,7.821973741997868
2019-04-02,ETH,0.15604150643794323,7.757640961992508
2016-08-23,LTC,0.07477460386996837,7.754440970485023
2014-03-27,XRP,-0.18798285686648997,-7.7252778411659655
2020-07-27,BTC,0.1096100778180551,7.7161561971747785
2020-11-21,DOGE,0.17499681671659406,7.708643664917721
2018-11-14,LTC,-0.12245908170780284,-7.69781600242495
2019-05-30,ATOM,0.266716416734778,7.6820296257877345
2017-11-28,XRP,0.17810235135163044,7.675563588006496
2016-09-09,XEM,0.09652671855195827,7.648887414550552
2015-10-01,XLM,0.12040699363305807,7.6397905569948685
2016-04-24,LTC,0.08917757256459247,7.632458717088449
2019-02-08,DOGE,0.06039713738404551,7.559254029334909
2018-05-18,BNB,0.21423181974675787,7.527421094590267
2019-02-08,ETH,0.14093278050543834,7.519391116043198
2019-02-08,BTC,0.07863242734324283,7.51877471522719
2014-09-18,BTC,-0.07192557601231186,-7.510899372979191
2019-08-14,XRP,-0.11224294212231811,-7.497943656261314
2020-01-06,XRP,0.13282777758325515,7.468203154670273
2019-11-07,DOGE,0.03706384506779803,7.466602221547707
2016-07-31,BTC,-0.04635692848404205,-7.458607112239577
2020-06-11,ETH,-0.06361930081727585,-7.445404578665195
2015-05-28,XRP,0.13268173310114517,7.39670654932332
2021-02-18,DOGE,0.2058841578325179,7.391706792874638
2020-06-11,XEM,-0.10776405036200365,-7.375468338839634
2020-10-21,LTC,0.1273999573773832,7.36105860941394
2018-10-29,ADA,-0.04837603052767403,-7.358301422422086
2017-08-21,XRP,0.20904647404756416,7.352253354414141
2016-10-22,BTC,0.0386613792447601,7.341032623281609
2015-04-26,XRP,-0.0664010536898808,-7.33424076227774
2018-09-05,BTC,-0.07726925720557487,-7.329406456336539
2018-10-11,BTC,-0.05000204994890223,-7.303884715500754
2016-11-07,DOGE,0.07987925278158148,7.301450601511235
2015-05-31,LTC,-0.09709233400876416,-7.266615351851709
2019-09-24,EOS,-0.23564504506860562,-7.264106769579438
2019-02-08,EOS,0.15987084124021744,7.259598779818709
2015-08-18,BTC,-0.1817882905231265,-7.254726724159614
2013-05-14,LTC,-0.1388909040764733,-7.2365074741405415
2019-03-05,ETH,0.07864083458839755,7.2302150484402095
2014-04-10,XRP,-0.19671153452920698,-7.2089559404683206
2020-06-11,LTC,-0.06780781055995733,-7.185899934117564
2015-01-03,XLM,-0.14771466295545355,-7.172985514070131
2019-02-18,ADA,0.10020258721434527,7.1674209402101985
2018-06-22,XLM,-0.10785229618146186,-7.072289150062869
2018-08-30,DOGE,0.2306307689355418,7.063920783919102
2014-11-23,DOGE,0.17232278651084165,7.058922983986479
2018-06-10,TRX,-0.1601632426833629,-7.047201856653052
2020-01-14,ETH,0.15065715204179964,7.035966313033713
2018-11-14,EOS,-0.11301256503029788,-7.024159946894189
2021-04-01,DOGE,0.15522180773978822,6.986249965642429
2019-08-06,XLM,-0.053336751067663,-6.983491442552159
2016-01-07,LTC,0.04360136334255449,6.981115854118416
2016-12-21,BTC,0.0417106147199664,6.960697122961839
2018-06-10,BTC,-0.09903902597615155,-6.939076134131748
2021-03-08,DOGE,0.18854972992075858,6.932833475968082
2018-12-17,XRP,0.14074386143069217,6.930711991136916
2014-11-12,XRP,0.04058304909577415,6.929993733028323
2016-09-15,XLM,0.1812570032109373,6.928457541780649
2019-05-11,LTC,0.15622817691214363,6.906019663683733
2020-05-10,XRP,-0.0863353771155917,-6.903645661612875
2019-01-05,CRO,-0.13666693187765966,-6.8893365275428105
2020-04-06,EOS,0.15598161012390133,6.864543373577605
2020-05-10,TRX,-0.11824239370773137,-6.858591301331775
2019-01-30,XRP,0.10672464993932551,6.857368433278013
2020-10-14,XRP,-0.026822720817980317,-6.81604131970258
2019-09-24,BTC,-0.11396037010122761,-6.75865411856422
2016-06-09,XMR,0.11493346222860179,6.713653329053591
2019-01-28,XRP,-0.047105808812275995,-6.7116776401120815
2018-11-12,XEM,0.1853429278455132,6.70388481311563
2016-11-16,XLM,-0.04368523365919008,-6.661423565044709
2015-08-08,BTC,-0.06648419173359366,-6.644531751897621
2019-05-11,XLM,0.12737827602254015,6.619454335999856
2017-08-19,XMR,0.1986536074608507,6.618282068373026
2017-08-15,BNB,-0.18449021437097746,-6.571070665621236
2019-04-02,LTC,0.2556983957732517,6.566141158768328
2015-12-05,XMR,0.21709252684684488,6.556830965632826
2019-12-17,XMR,-0.0910964160539296,-6.539193016497797
2020-01-14,XMR,0.08303009873536316,6.526379049634171
2016-07-23,XLM,0.14272551842279335,6.4997753125606925
2018-10-11,ADA,-0.16225133888767507,-6.494780379454828
2017-11-06,XMR,0.19188991435597846,6.488938993377143
2018-09-05,EOS,-0.1939607244783237,-6.4865318946867445
2020-07-21,BTC,0.022986779250406597,6.475008464971128
2020-04-29,EOS,0.08426444208465989,6.474306458326809
2019-04-06,ATOM,0.16776213769527648,6.471571049813517
2019-12-16,MIOTA,-0.07203652785542447,-6.447304364289358
2020-06-11,MIOTA,-0.10879421975647874,-6.4380190480023956
2020-09-21,EOS,-0.059300255926366674,-6.436789596303455
2020-02-08,DOGE,0.1408104438911537,6.435291982276247
2020-06-11,BTC,-0.05555297947889115,-6.430187478487945
2014-06-25,DOGE,-0.13319533459928534,-6.383952761219034
2019-03-21,LINK,-0.05148292862618731,-6.379867956734016
2019-12-16,LTC,-0.07730379503129226,-6.363448581308461
2020-11-05,BTC,0.10231861263462094,6.353494698569238
2018-09-18,XRP,0.18221787982413273,6.34224884584173
2018-01-30,MIOTA,-0.13881051026159796,-6.32785458060351
2019-02-08,ADA,0.11964708155676962,6.282578012774179
2016-04-27,BTC,-0.0459182216965528,-6.275254667383027
2018-10-11,MIOTA,-0.1760806660145161,-6.240894582377563
2020-07-19,MIOTA,0.03892067757781437,6.235496999946729
2015-07-24,XEM,0.21123788254017173,6.235297848948757
2020-04-29,WBTC,0.12544313153843056,6.233282946618959
2017-08-05,DOGE,0.14664051137124146,6.231375502584636
2016-06-09,XLM,0.060524238056382185,6.227029003790118
2019-09-17,DOGE,0.06225276088214993,6.206341293842239
2019-01-10,XEM,-0.12847622096455147,-6.196176539184516
2014-07-01,LTC,-0.12888968828774094,-6.192251228042824
2020-06-11,XMR,-0.08226049979359673,-6.191705282158143
2016-09-18,LTC,0.06253709020337461,6.182263232241309
2018-09-05,XRP,-0.14488379385621075,-6.1733786166559295
2021-02-01,BNB,0.16559096244468496,6.159166059820519
2019-12-18,CRO,0.08745214539500012,6.128210668286557
2016-09-29,XEM,-0.1324506977824893,-6.115853918565885
2014-11-12,LTC,0.10683677308046535,6.073592057703383
2018-06-10,XLM,-0.12144990380908016,-6.065545232652126
2016-07-08,ETH,0.127129220825408,6.063446044621615
2017-10-19,EOS,0.03791534072357283,6.058688739206771
2020-11-21,TRX,0.15474951036466167,6.057913872449764
2020-02-07,LINK,0.1469312442199897,6.046044926037413
2020-07-25,ADA,0.1779510643472022,6.045080074607216
2021-02-20,UNI,0.45158221359603923,6.042186293533558
2020-07-27,WBTC,0.1106544792088433,6.0391558365196145
2019-12-18,WBTC,0.09686860722378077,6.029815927142635
2019-05-11,DOGE,0.09213443344566818,6.015257086446446
2020-10-28,DOGE,-0.030508284609493064,-5.999689796782785
2016-09-08,DOGE,-0.05799860194638029,-5.9971970677697986
2020-07-06,EOS,0.08482257997601317,5.993627782541681
2016-03-03,XMR,0.3170209698288371,5.97984108609304
2019-05-11,ADA,0.18514070614095202,5.957574327042226
2018-06-22,EOS,-0.16926352990807347,-5.925152815259281
2016-01-27,XRP,0.20056836627735808,5.922840346139261
2018-05-11,EOS,-0.1503817426402283,-5.919501781377577
2015-12-25,XRP,0.08639551992842298,5.9152988827011965
2019-06-22,TRX,0.1194321041440849,5.908684045146625
2020-10-21,WBTC,0.07902238635591097,5.902495276447773
2019-02-18,XRP,0.05998573843817723,5.89693986622639
2019-03-05,CRO,0.06080000821917264,5.896507733303672
2019-04-25,XMR,-0.09423904747724843,-5.889823817513661
2019-01-10,MIOTA,-0.1534806147555965,-5.880838055637333
2018-12-17,TRX,0.09207215320000972,5.8385877379564555
2021-04-26,BTC,0.10238910278345181,5.837365427313427
2016-12-06,XLM,0.7291648481689021,5.825566425938128
2020-04-06,XLM,0.13765622291442892,5.7938803533410335
2020-05-10,XLM,-0.10634453244165665,-5.785874925280568
2016-10-13,LTC,0.03939322777606735,5.7835358685422324
2018-07-10,XMR,-0.10501503136790502,-5.782994543539201
2017-02-09,BTC,-0.06461188271135354,-5.768136724168931
2020-11-05,MIOTA,0.05556868979934393,5.758041695428378
2018-09-05,ETH,-0.18686630057783304,-5.755484098221417
2019-04-24,XEM,-0.07977479915780772,-5.741507965197774
2020-02-15,CRO,-0.0966890996877301,-5.735924012881339
2020-09-03,CRO,-0.113810330632932,-5.732751587729525
2017-10-12,LTC,0.18118595459785025,5.732325096513046
2020-01-14,XEM,0.09122442367707206,5.728481734197304
2020-07-21,WBTC,0.025380670295407137,5.719783219832684
2021-04-26,EOS,0.17574950716828042,5.713911992742364
2020-06-11,WBTC,-0.0553301178897776,-5.712489731111412
2017-10-05,XLM,0.2298799938139191,5.702531536068818
2018-03-19,EOS,0.36725197044683555,5.701123780609006
2020-07-06,LINK,0.13134989360955962,5.695308743290426
2016-05-27,BTC,0.04428913780222743,5.693087590783526
2019-01-28,BTC,-0.031673076262759614,-5.688305529055047
2019-10-25,EOS,0.15695618212165674,5.682195155616845
2020-01-14,TRX,0.13694585782590818,5.680080961152726
2020-04-06,ATOM,0.1526543015431885,5.668130675441173
2019-01-28,XLM,-0.08733686937168716,-5.668061413973715
2018-10-29,MIOTA,-0.07008528886588472,-5.64891239311738
2017-01-25,XEM,0.16415610882717702,5.6450378985440235
2020-10-21,BTC,0.0761437168471426,5.644395326000736
2020-05-10,ETH,-0.10869820273439423,-5.636134179945181
2017-09-02,ETH,-0.09995586949491253,-5.633708319260047
2019-04-02,XLM,0.11207826510347085,5.632953900797581
2021-04-26,WBTC,0.10090259680417346,5.618819392946985
2019-04-24,XLM,-0.07659055807749382,-5.604073320893961
2020-12-23,SOL,-0.19096579961070015,-5.602330958678463
2020-06-11,EOS,-0.0843299383053906,-5.595761991664299
2020-03-08,CRO,-0.09113595307607003,-5.5858034965863315
2019-07-05,DOGE,0.1976362718097575,5.577355183324683
2015-06-30,XRP,-0.05486526359401611,-5.573181337436487
2020-05-10,BNB,-0.09685252948805434,-5.568905833190231
2017-10-12,BTC,0.12854713544693697,5.55955173456744
2020-03-08,XRP,-0.12724632208446984,-5.549475297517823
2019-12-18,BTC,0.09581899910034997,5.53576543778881
2020-11-19,XEM,-0.1320185730644916,-5.535345649537606
2017-08-23,EOS,0.09842743040548707,5.531456404679262
2015-12-04,XRP,0.11548705313412233,5.525178506962134
2019-03-23,TRX,0.07275767552775125,5.5233317739493595
2017-11-02,XRP,0.06046137533841067,5.509795465538648
2017-07-10,XRP,-0.12960127188713333,-5.506709067869793
2018-07-16,DOGE,0.19927990036342513,5.490276895540805
2018-06-22,LTC,-0.1222547407282577,-5.487740430073032
2019-06-27,ATOM,-0.13282767719867428,-5.480825981763608
2018-06-22,XEM,-0.12723352396570076,-5.47571115875202
2019-12-17,XRP,-0.11352798588979973,-5.4721971578918
2016-05-28,BTC,0.11949375254117633,5.470107038255775
2020-11-05,WBTC,0.10257332334092517,5.4692746544904915
2017-08-16,DOGE,0.0209554540279151,5.433374537256341
2019-01-28,XEM,-0.08869322627270115,-5.423258881632268
2015-03-03,XRP,-0.13117515564692173,-5.4114579351995875
2021-01-06,EOS,0.16527974404871393,5.40774718929097
2014-04-10,LTC,-0.24387607697620783,-5.403651081567442
2018-11-14,MIOTA,-0.11975383496028613,-5.399850251557533
2016-11-30,XMR,0.1767060379223926,5.394841662589892
2020-05-10,SOL,-0.11164668569091396,-5.393165835812461
2020-06-11,XLM,-0.0911763273342221,-5.38188494889491
2020-08-02,EOS,-0.10700738580240843,-5.381219371959479
2020-04-06,ETH,0.17826425148173652,5.376008600427812
2019-09-18,XMR,0.10072077141540592,5.366108315989824
2018-10-29,BNB,-0.02732758237222488,-5.365972865200001
2018-10-11,BNB,-0.09940743609604952,-5.361087775933645
2020-11-21,XLM,0.22758584843078777,5.353282928017093
2018-08-03,MIOTA,0.086415206950333,5.351251709637493
2016-03-07,XLM,0.23399593353238202,5.340443988718561
2017-11-01,XRP,-0.03208053661356303,-5.337737776145105
2019-06-27,XLM,-0.1234095778246469,-5.33111694719961
2014-07-07,XRP,0.0967863486929319,5.330864086242102
2017-10-29,EOS,0.24146288122743997,5.324794965785567
2013-09-10,XRP,-0.07371443526887655,-5.324048532027261
2019-10-25,ETH,0.11934912616082904,5.319818604683714
2020-05-10,EOS,-0.1116503765500837,-5.315297546159187
2019-06-27,ETH,-0.1261622602149517,-5.31005265119264
2015-12-04,XLM,0.1737540225496641,5.309734795303591
2019-12-18,DOGE,0.08187589743710033,5.307123054181604
2015-03-18,BTC,-0.10229590778743669,-5.304898809615479
2018-11-14,ADA,-0.1192866090425172,-5.303252545444215
2018-06-10,XRP,-0.10856907292644269,-5.3025220944723666
2014-05-20,DOGE,0.04863030500409793,5.295858061804181
2019-03-04,XEM,-0.06715044797643388,-5.279955507687722
2014-06-12,LTC,-0.07041339891000942,-5.271906448973735
2020-10-28,XMR,-0.055169552424258694,-5.269807643306795
2019-09-07,EOS,0.10681896633917476,5.268543572065104
2019-04-30,LTC,0.0930026263675876,5.266009928657567
2014-10-25,XRP,-0.07133371056013593,-5.2657721457203195
2020-05-10,LTC,-0.10378934719174238,-5.262650748062095
2019-02-08,XRP,0.06880604300390569,5.25645692821096
2020-08-02,TRX,-0.0665051688793048,-5.247324756648368
2020-03-08,EOS,-0.15851315972810243,-5.243422281190448
2020-04-29,BTC,0.12731803175945888,5.237674940074464
2016-02-20,LTC,0.06308429333608934,5.234876836793637
2018-01-30,TRX,-0.15999146687652166,-5.229938138171408
2018-08-17,EOS,0.21722521040728493,5.215424929215293
2017-05-18,XMR,0.1264595328758107,5.184228102541783
2020-11-20,CRO,0.15368069324326994,5.177988099507885
2019-03-05,LTC,0.14430608250051535,5.177109734618875
2017-12-08,XRP,0.13150348837100423,5.169387874124352
2019-06-18,WBTC,-0.13969680331873768,-5.163590012128884
2019-09-18,MIOTA,0.1324268028170541,5.158556032207482
2019-04-02,XEM,0.24562307822531038,5.15767061615373
2019-05-25,LINK,-0.15531373308991014,-5.155640860739668
2015-08-01,DOGE,-0.04967292262988876,-5.138319369882224
2016-04-07,XRP,-0.05765894687450157,-5.119354982981976
2020-07-01,ADA,0.1544510577920919,5.114681448585494
2018-06-22,MIOTA,-0.15374548116256692,-5.113624251429103
2014-04-10,BTC,-0.1751629344657717,-5.108078017728064
2013-12-19,XRP,0.3293234224120891,5.107665452228649
2019-01-10,DOGE,-0.05913518332204404,-5.105388506577395
2018-08-08,XEM,-0.12329928837432258,-5.10373993151361
2019-02-08,XLM,0.0875095174061784,5.0974665163582165
2019-06-27,LTC,-0.12844488051593228,-5.076233508996056
2017-10-24,MIOTA,0.17386095010376024,5.073683212280501
2021-02-20,ADA,0.21054174471791098,5.068533088845305
2020-12-21,CRO,-0.10088431398672582,-5.0667363037626805
2021-04-26,LTC,0.10630398089323201,5.062360579394542
2018-10-11,XEM,-0.12577797927960932,-5.059594716760678
2020-08-20,XMR,0.10992807539432592,5.057695577760041
2020-11-01,ADA,0.05524546141424369,5.054815759109065
2020-12-16,XRP,0.21059269043228857,5.050383299110759
2021-03-26,ATOM,0.10203897288171415,5.050165755276226
2017-10-17,DOGE,-0.08311139819089719,-5.048637601096772
2019-03-04,EOS,-0.0779883211893787,-5.048284094155943
2016-11-26,XRP,0.07067040398952384,5.0434819598467255
2018-06-22,DOGE,-0.1071869476372802,-5.040999339123032
2020-03-08,MIOTA,-0.13857770803610592,-5.03915222755984
2018-08-08,EOS,-0.1533651627157373,-5.038869343562389
2017-01-12,XLM,0.18487428491999824,5.035249602378591
2020-09-03,BNB,-0.1648609221008407,-5.032400507485573
2020-04-29,CRO,0.09469461659363065,5.024343931565991
2020-04-26,DOGE,0.12494281283015773,5.017990464755372
2018-11-08,DOGE,-0.06973566646964169,-5.017902027458046
2019-02-18,WBTC,0.05498672832903284,5.0176050270794335
2021-01-10,XMR,0.25461839584514734,5.016290527156648
2017-04-27,ETH,0.17919858527051824,5.002485602869045
2014-01-07,BTC,-0.15870299857805037,-4.993466860608182
2018-12-17,ETH,0.11578099231643879,4.986042084049188
2021-03-09,BNB,0.22114202250399484,4.983577425548893
2019-05-11,BTC,0.12947833172807166,4.973932452377729
2016-10-20,XLM,0.14114908776475965,4.97363249387201
2019-03-05,ADA,0.06427544223060311,4.973624913192172
2014-03-24,BTC,0.039446143272857226,4.97153162048338
2014-08-11,BTC,-0.024858675851355594,-4.960109323777549
2018-04-25,LINK,-0.1908576911649167,-4.95172669406058
2014-02-07,BTC,-0.08847797896354692,-4.947116119266652
2013-10-23,LTC,0.20823172958607472,4.942876217260125
2014-06-01,DOGE,0.18774827887452394,4.942599320016011
2014-07-17,XRP,0.25796372769342524,4.9391926978872025
2019-12-16,ETH,-0.06638689508211926,-4.937021001875962
2018-06-10,MIOTA,-0.15805859664561517,-4.932785595222921
2020-06-05,SOL,0.12575380999206676,4.9294768692777335
2018-10-07,TRX,0.13327120616661303,4.923201910003206
2018-10-11,XRP,-0.17140836571962448,-4.917586617241479
2021-01-21,XMR,-0.14923485041843398,-4.916550610666657
2019-02-08,CRO,0.059924382030250634,4.915562487744594
2015-05-19,XRP,0.1376745475456871,4.910335614867706
2019-02-18,CRO,0.05534205669705039,4.908798683726534
2014-09-28,XRP,0.12261752676861715,4.906088912865969
2017-02-18,XRP,-0.06177587215432656,-4.9035074212669265
2016-02-12,XEM,0.2029934646187046,4.900365676663906
2020-11-21,MIOTA,0.2194016602773119,4.900095449425563
2017-09-14,XRP,-0.18234563603056353,-4.8953202092044945
2019-11-16,XEM,0.08731120866525388,4.894295972090013
2016-12-21,DOGE,0.03549810187794211,4.8895710586113585
2015-02-13,XLM,0.046422130114686544,4.883449805417403
2020-11-05,XLM,0.07483588903060623,4.878733348200162
2018-06-02,EOS,0.19741284248685154,4.863085088792401
2019-12-05,CRO,0.12941346558818756,4.855561523182005
2019-11-08,BTC,-0.04992472302628759,-4.846518273030638
2016-04-14,XRP,0.10429207655885486,4.843726332800169
2020-07-08,XLM,0.16015650712311547,4.843206121865176
2018-10-05,LINK,0.11081198978002105,4.840698578864384
2016-09-21,BTC,-0.018350821103800374,-4.836461249143065
2017-08-31,XEM,0.13993794662507075,4.835260265759364
2014-04-10,DOGE,-0.2133591999461919,-4.832956616431007
2015-01-28,XMR,-0.09174364668883817,-4.828150227331876
2018-06-10,XEM,-0.11908360567190723,-4.822627275402563
2013-10-02,BTC,-0.136556184161981,-4.815730260751864
2019-06-27,BTC,-0.1408568543285943,-4.808519383495251
2018-06-22,BTC,-0.09599929127557971,-4.801350898384988
2016-03-11,XRP,0.07476141998531172,4.797783570229884
2020-12-24,XLM,0.2621091377297349,4.78936426946804
2020-05-22,XEM,0.04664655085265079,4.7892325017468425
2018-09-13,ETH,0.15285467269583441,4.780643813498543
2021-04-03,LTC,-0.0754129544865425,-4.780599982809723
2021-04-07,XMR,-0.04907047754876903,-4.777445331068269
2021-04-18,SOL,0.2869753233817569,4.774986336430453
2020-06-11,DOGE,-0.05105614612597331,-4.772861046475301
2019-01-10,ETH,-0.1470654315874469,-4.7632422565170796
2017-03-13,LTC,0.08535167448692249,4.761491505820116
2018-01-30,XMR,-0.1345806459323553,-4.760371994661974
2017-11-22,XMR,0.17082214529921735,4.757698356758033
2019-06-27,XRP,-0.12556747317215733,-4.7515823292848856
2016-01-08,DOGE,0.13668357472449988,4.7507219694151726
2020-12-04,SOL,-0.11636867765597847,-4.74642141262611
2016-05-20,XMR,0.10382790301312461,4.744546813662328
2016-09-09,XLM,0.046384884675395366,4.742455884499049
2018-09-05,ADA,-0.16810525815798205,-4.7325223988251235
2017-04-19,XRP,-0.09071679912991393,-4.730694937882254
2020-03-08,XEM,-0.17872250787970423,-4.7194144424042515
2016-09-21,XEM,0.056168609003333314,4.718761247688613
2018-12-17,XLM,0.1393362254024575,4.7152673338149365
2018-07-07,BNB,0.06468781503725896,4.713281220426692
2016-10-11,XEM,0.2821972355390625,4.713188442167302
2020-02-15,EOS,-0.11541119887130202,-4.71123326549808
2018-05-12,XLM,0.14537703706000826,4.708208297737868
2019-04-25,WBTC,-0.056102865304434424,-4.702745839192044
2020-12-16,WBTC,0.09977435400919576,4.700963826315488
2021-01-13,DOT,0.32593348287027135,4.698632828341996
2016-03-05,DOGE,-0.06245625797576981,-4.698188760011901
2020-03-08,LTC,-0.14563577172034936,-4.697033286406499
2017-03-02,LTC,0.03299118518369282,4.694966368682617
2016-12-06,XRP,0.03447564038535278,4.683892666861275
2018-03-04,XRP,0.10766200599536813,4.683497515137815
2016-09-12,XRP,0.009438270204160881,4.681521615500863
2015-10-29,XEM,0.16136768482315422,4.676417437789919
2018-06-10,ETH,-0.11895503130804119,-4.674536333545235
2020-11-06,SOL,0.3618811685488952,4.673091368155969
2018-04-25,MIOTA,-0.16437069744867716,-4.6651152824164726
2019-04-29,MIOTA,0.12841699692899877,4.664783286915637
2018-07-10,BTC,-0.06108203429191317,-4.662831704426197
2020-04-06,LTC,0.09149176232333223,4.660191836019153
2019-03-16,CRO,-0.17607776643647266,-4.655711719341117
2016-09-03,BTC,0.039397967972759185,4.655597075962918
2016-12-11,DOGE,0.040627081965124434,4.654795392679179
2015-10-31,BTC,-0.04222071832857721,-4.652979622621382
2016-07-26,XRP,-0.039812351836653326,-4.652788029054754
2019-10-23,CRO,-0.05936663488463911,-4.649548757357781
2018-04-25,ETH,-0.1309623018771625,-4.6481606350850155
2019-02-18,EOS,0.2036955303416912,4.647946344127043
2021-04-12,UNI,0.22601455387044966,4.641599954933499
2020-01-03,XMR,0.1167787906096649,4.640900896368575
2019-03-05,WBTC,0.04343802194341295,4.636267201725363
2016-08-13,XLM,0.11321239827241447,4.634631680012107
2017-09-15,XEM,0.2891741092792377,4.633535170320084
2019-03-05,BTC,0.03584101051766719,4.633208179980344
2020-10-06,EOS,0.06484056134661564,4.621175116458109
2020-10-20,LINK,-0.09256513139493006,-4.617902594357877
2018-09-05,BNB,-0.11203253750264086,-4.608435740000407
2019-06-27,ADA,-0.10711721824182274,-4.604176313474248
2019-03-05,EOS,0.15393819112180385,4.603919222120168
2019-12-16,XRP,-0.05204085475689457,-4.602735701573079
2018-05-09,BNB,0.0836129657127691,4.589881512299318
2020-07-06,LTC,0.056863672547432076,4.587337261092692
2016-08-02,BTC,-0.09699763217344726,-4.586974460081476
2020-07-16,SOL,-0.32347808243665677,-4.586036829300335
2016-08-29,XRP,0.02821322636726875,4.584177652436313
2021-06-21,SOL,-0.2453034525852098,-4.5783480788797455
2015-01-03,BTC,-0.10776686435850058,-4.576361382427511
2017-10-24,BNB,0.05465774044655469,4.575374242029301
2019-03-20,DOGE,-0.014484036189379434,-4.572969831838724
2015-07-12,XMR,0.1649168597108841,4.572587459627099
2015-09-28,LTC,0.07022941547606565,4.571120036555275
2021-02-19,SOL,0.27673447600297063,4.57046951121479
2020-04-30,TRX,-0.06337471866863742,-4.564234789222846
2019-11-08,BNB,-0.046310174275173255,-4.563732787956092
2018-05-10,TRX,-0.09175101734031288,-4.560893315840073
2018-07-25,LINK,0.20275983010863596,4.559688403276297
2020-04-30,XEM,-0.048706362733833775,-4.5582561009874825
2017-03-18,XRP,0.09714911651231972,4.551675835173253
2017-02-15,XLM,0.06423471490197863,4.550725912934866
2015-01-13,XRP,-0.15115218483214887,-4.54930297684546
2019-09-18,XLM,0.3039125288675857,4.546981432149939
2017-01-30,XLM,0.10495152679959618,4.536866322454535
2016-09-16,DOGE,0.07417254415448293,4.530583849745405
2018-09-05,LTC,-0.13694009295538745,-4.52658208615325
2020-06-22,BTC,0.037091748737309915,4.5253499323298945
2015-06-16,XRP,0.09847973790845677,4.519303761513404
2020-12-16,BTC,0.0975183953475256,4.517893673135943
2014-07-24,BTC,-0.028546301693009313,-4.510458313831631
2018-10-05,MIOTA,0.0354789550856891,4.5103993118084045
2016-01-14,XRP,-0.045615539361153035,-4.483777409896323
2019-01-10,XRP,-0.10309944308334817,-4.478645339522365
2020-07-25,LTC,0.10461656169257982,4.4759732393596385
2020-10-06,SOL,-0.1811354780031461,-4.466218868310223
2016-04-11,DOGE,0.04947141083294859,4.454611326796018
2021-01-11,ETH,-0.1363452133361357,-4.454462751282064
2018-06-10,LINK,-0.18747143673665245,-4.450489647927336
2019-02-24,XEM,-0.10191718469849598,-4.443654856721406
2020-09-15,BNB,-0.1275312850824475,-4.441068247952917
2017-08-30,DOGE,0.1276494102409882,4.435909074597652
2018-09-05,XEM,-0.17541509123787613,-4.426490234103347
2015-02-27,BTC,0.07360446158208944,4.424333005226618
2017-05-04,XEM,0.19724485185999674,4.42321329888212
2018-09-13,TRX,0.09335891462244739,4.421666886618194
2021-04-26,XEM,0.17543867431769944,4.417272062567483
2021-06-21,DOGE,-0.3638626813904191,-4.416915949344262
2017-10-13,XMR,0.09234098748398512,4.41671209850939
2019-11-21,ETH,-0.08102306219639843,-4.415506652897406
2016-08-16,DOGE,0.08410910398665083,4.414972800529711
2020-02-05,WBTC,0.04542901879868344,4.414207931527419
2014-10-22,DOGE,0.11333718848598262,4.412238364392865
2019-06-04,CRO,-0.13932987269924668,-4.411656416309061
2016-08-14,BTC,-0.025811645571098163,-4.410862451514791
2021-01-04,XLM,0.21079382746175357,4.408997761724711
2014-08-31,BTC,-0.05252562286395446,-4.40873601893709
2019-01-25,CRO,0.0365025935138632,4.402390339080765
2018-08-17,XRP,0.2538675128917096,4.401739007020854
2020-03-08,XLM,-0.1312265866113631,-4.395640986095404
2020-03-08,BTC,-0.08999343788449499,-4.387905124997162
2018-08-17,XLM,0.10224411198340988,4.385999269847381
2020-09-21,XLM,-0.08660017502458306,-4.384885405141128
2016-07-03,DOGE,-0.07852925815581524,-4.383968487110597
2020-12-12,XEM,0.2704139154490379,4.383356873406965
2020-05-10,XEM,-0.08935683720901777,-4.377693383798806
2017-10-13,ETH,0.11383395505165139,4.374112931740591
2020-12-23,ATOM,-0.11568564507594448,-4.3659833664924745
2019-12-16,EOS,-0.07366165753653842,-4.363139342975269
2019-02-18,MIOTA,0.0979308572754578,4.363020488767984
2020-12-23,LINK,-0.15340249969914632,-4.362299935043766
2014-08-19,XMR,0.14314350889600203,4.358170166044649
2015-08-18,XRP,-0.09029754858949868,-4.358084482455133
2014-02-11,XRP,0.06025838120487004,4.357512384158131
2020-07-06,BTC,0.033230525498258556,4.357091990046126
2016-08-05,XRP,0.10860615013036412,4.341546430401058
2015-11-26,BTC,0.07458119991586898,4.32805072772756
2020-10-13,CRO,-0.048935238141280424,-4.327411638728389
2019-02-24,XLM,-0.10633845174392842,-4.31822379537073
2019-04-02,TRX,0.10450885054396819,4.314750673330949
2017-11-09,DOGE,0.15816139271141427,4.314620538500335
2021-04-18,XEM,-0.15299161515474813,-4.3141349023788464
2019-02-24,BTC,-0.08016833805852952,-4.311836438667773
2016-06-19,XMR,-0.07061365801381991,-4.3055945414744015
2019-10-23,EOS,-0.06279012262245598,-4.3011994005060785
2018-12-17,BTC,0.09008307275347627,4.300950998255381
2021-06-23,XEM,0.15598228323450725,4.2992953409213435
2021-01-21,XLM,-0.1418312189564619,-4.298730063384803
2018-04-20,EOS,0.2125961795501743,4.287362646652896
2016-04-14,XEM,0.15668174114873024,4.27214205822836
2018-10-29,XRP,-0.045181074640034846,-4.270971187523124
2016-11-23,XRP,-0.05012985634901712,-4.27088327064569
2018-07-10,ETH,-0.08865028467502611,-4.268955080406022
2019-05-11,ETH,0.12222055996488157,4.2687297545532745
2014-06-23,DOGE,-0.046680182903022116,-4.268668526130941
2021-05-05,ADA,0.15808555066456176,4.266071514828287
2019-03-24,BNB,0.1345079167187886,4.264513064241881
2016-08-02,XEM,-0.2061208808613233,-4.263007037398165
2019-02-08,LTC,0.30829491393398456,4.258488809291288
2020-08-20,ATOM,0.11202261393044832,4.257175794907326
2020-04-16,ETH,0.12310569780871705,4.249471158895087
2019-03-07,CRO,0.1162157903878911,4.2478239838150245
2015-09-03,LTC,-0.05806216768030137,-4.246618106815
2014-09-16,BTC,-0.0195931079478483,-4.2437482706766865
2015-03-18,DOGE,-0.07693696749213375,-4.241743460297023
2015-09-22,XEM,0.270004764431663,4.237796834255453
2015-06-16,LTC,0.42528925049680133,4.234092140336775
2020-03-08,ETH,-0.15624788389591415,-4.233913577272613
2018-09-17,BTC,-0.036208912443725705,-4.2303271316552
2017-10-24,ETH,0.039651473213554,4.230010633282865
2019-10-25,LTC,0.1372411712730115,4.228541499516478
2013-11-18,LTC,1.2916201617601177,4.226524826758031
2020-06-22,ETH,0.05914399428844286,4.222877353012823
2016-05-10,LTC,-0.05849476016668731,-4.221399360323512
2016-07-23,DOGE,0.05675603530163653,4.220389685212166
2020-01-14,XRP,0.10380162049084185,4.220379286949126
2019-10-09,BNB,0.10543621738236242,4.218401740944572
2018-03-11,LINK,0.09795387881654483,4.216464281227371
2018-03-23,BNB,0.1660292132440624,4.2124918232503346
2013-07-18,LTC,-0.08213699272723651,-4.212050656691249
2020-06-24,XEM,-0.055990703489185,-4.2117334012896155
2015-10-17,XRP,-0.036005293358394974,-4.207745703165793
2018-08-17,ADA,0.15269267927330898,4.206200397553661
2015-08-19,XEM,-0.154886293980517,-4.202153524616989
2019-05-14,XRP,0.25681439419804275,4.19920674861985
2018-05-29,MIOTA,0.1751420617102979,4.197859089997583
2019-11-21,DOGE,-0.05098762948519786,-4.197086103110775
2014-12-10,XLM,0.08244015975065278,4.196017053984276
2015-08-06,XMR,0.17860196514885263,4.1908329034097465
2020-04-29,BNB,0.06382087628583921,4.190722118546846
2019-04-30,ADA,0.08841214215693616,4.187206657767132
2020-09-03,DOGE,-0.1024945519342102,-4.18543877918797
2020-11-21,XRP,0.397100066742212,4.182076623220597
2020-09-21,XRP,-0.05919405098333819,-4.178750421254887
2019-07-10,XEM,-0.07894610848829564,-4.177034965895105
2016-06-12,BTC,0.10887435032943049,4.176629390108133
2020-04-06,XEM,0.07578722769447843,4.173674826569294
2021-01-21,TRX,-0.09187232357561115,-4.172205767247866
2016-11-03,BTC,-0.07036572370709426,-4.169702487500732
2021-01-30,XRP,0.5601123578583258,4.1625719404029695
2018-06-22,ADA,-0.11804665808875947,-4.157968597283219
2018-08-17,XEM,0.12503015972590847,4.156579671689369
2017-01-05,XRP,-0.056158666576133,-4.156573790827151
2015-12-20,DOGE,-0.06139810161410031,-4.155794889867798
2014-09-08,XLM,0.10442557510264416,4.154418970139914
2019-03-05,TRX,0.04622091141890383,4.147289872530331
2021-04-05,XLM,0.22512159072529792,4.145299049933774
2019-06-19,CRO,-0.040941145425683834,-4.145257727401216
2015-08-18,DOGE,-0.10805967516263437,-4.144302054154593
2020-01-14,EOS,0.23159886477753644,4.139726287847134
2016-06-12,ETH,0.10936752715935016,4.138130570447585
2021-03-26,SOL,0.1346890620486243,4.137258964533807
2019-09-17,XLM,0.08740906704547036,4.136137837734972
2014-07-24,LTC,-0.0787451872041186,-4.135048923906096
2014-06-12,BTC,-0.07277493877393548,-4.115654196254246
2020-07-06,TRX,0.07007087927687783,4.1154957322984345
2018-11-28,TRX,0.23567319533714626,4.114900962645392
2020-10-12,BNB,0.07561048334682208,4.114195951816989
2020-12-28,DOT,0.2828226493839725,4.113281555994451
2018-05-11,XLM,-0.11218722515141466,-4.112643627239313
2017-05-12,BTC,-0.06725737173444535,-4.111970093044853
2017-11-01,ETH,-0.04637453914943823,-4.110641099846544
2015-06-09,XEM,-0.1398363383677811,-4.10526196773053
2015-01-15,XMR,0.17086470296907907,4.103996736627467
2017-05-19,ETH,0.3366209239816109,4.100696320938742
2020-09-21,LTC,-0.07877425840430485,-4.0988503069011735
2018-09-05,MIOTA,-0.18030054120173822,-4.098737418158025
2016-04-08,XMR,-0.17483520493990667,-4.095687123041396
2016-03-28,XRP,-0.05791773174168757,-4.094771641688911
2015-03-01,XRP,-0.05841711634721547,-4.093154293901775
2017-01-05,LTC,-0.11268026959580058,-4.0911069185309845
2014-09-23,LTC,0.11885393633007091,4.090229116965423
2015-10-28,DOGE,0.0675316818864502,4.087638953027493
2019-11-23,ATOM,0.10597372978327546,4.084538828950547
2019-05-11,XMR,0.13976440588623373,4.080861964827077
2021-02-05,MIOTA,0.17174546644031885,4.0795772083932595
2020-07-27,CRO,0.0753844797316281,4.073690480383236
2019-08-06,MIOTA,-0.04794970413818744,-4.0726906130614005
2018-06-10,LTC,-0.09085194486354453,-4.072546275700986
2021-03-23,MIOTA,0.15823110630000548,4.069852428023828
2018-01-06,TRX,-0.20746750515752277,-4.067866673889916
2018-06-10,ADA,-0.12481004965530029,-4.06675034963261
2020-09-03,BTC,-0.10239474263793147,-4.0666979835192345
2021-01-11,LTC,-0.18620601027499717,-4.065924494085917
2013-11-19,BTC,-0.1690687540789655,-4.063627167628726
2014-10-28,XLM,-0.15378563727461092,-4.061535622084686
2015-01-03,XRP,-0.09098418760261162,-4.0592714803133365
2020-07-19,EOS,0.03107831107859571,4.059213787202272
2019-12-16,BNB,-0.06429478363467722,-4.054765544633255
2017-12-22,ETH,-0.1780655138721301,-4.0517866973835615
2020-05-21,ADA,-0.0813896028514367,-4.049826439887178
2019-01-28,ETH,-0.06009697574016171,-4.04730381881724
2020-05-07,XMR,0.1026612910972895,4.046479332157973
2018-07-20,XEM,-0.09490081391511096,-4.0425294594344425
2017-11-07,LTC,0.11094963900047694,4.039177936645956
2014-05-30,DOGE,-0.1108110794884195,-4.038099955295786
2019-06-27,XEM,-0.10303764186348652,-4.03149604368628
2016-07-18,DOGE,-0.040728017320110665,-4.02193406926673
2020-06-11,ATOM,-0.1108211751470376,-4.021619669749088
2018-04-12,ETH,0.14493659064916287,4.020942250592417
2017-03-07,XMR,-0.12189943845785,-4.020055588022529
2020-06-24,CRO,-0.05399289626622428,-4.01974340040427
2018-07-20,ADA,-0.10335656549853334,-4.019362546505154
2020-06-11,TRX,-0.10233654246702462,-4.013859267315851
2016-06-09,DOGE,0.07998097705161311,4.010824760366199
2019-07-10,LTC,-0.0915372800617914,-4.009866575757886
2018-09-05,XLM,-0.10304495217669551,-4.009848765416769
2020-11-21,EOS,0.15872631844761176,4.005835140853048
2019-10-25,CRO,0.09543012137749907,4.004380276512403
2016-06-11,BTC,0.050664139309868794,4.004215241569748
2020-01-14,BNB,0.0918647293078354,3.999522694994012
2020-02-05,BTC,0.04710413537534053,3.9966160494639977
2014-02-26,DOGE,0.19869379310523327,3.9957520471244137
2019-06-25,CRO,0.2942368562229327,3.9957150579389595
2016-08-02,DOGE,-0.07782060518473499,-3.993612313676384
2016-02-12,XMR,0.1861376940973536,3.992740314420219
2019-10-23,WBTC,-0.07468712189395998,-3.991652402030977
2013-10-24,BTC,-0.07204381491164169,-3.9898685656103896
2019-08-28,BNB,-0.07731374093953014,-3.9892862167633476
2014-05-06,XRP,0.14539483366363015,3.9856730373543843
2019-01-10,XLM,-0.11226698063488949,-3.981532990196079
2019-02-24,ETH,-0.1444800788523044,-3.9813357049906664
2019-04-24,EOS,-0.0719765032942461,-3.980197058217145
2020-06-22,TRX,0.031035297348601,3.978047548906424
2019-04-18,BNB,0.12422006463192914,3.9743102393005447
2014-03-27,BTC,-0.18867581520911014,-3.9734202852882867
2015-06-09,XMR,-0.08649872822140914,-3.9717218837254458
2019-12-17,XEM,-0.08566279134147414,-3.971245355627093
2021-05-05,ATOM,0.1768068610698883,3.970845574846575
2020-12-23,EOS,-0.20491235083097115,-3.9687271021624104
2021-04-03,XLM,-0.06388688056131564,-3.9678231543956577
2020-01-28,MIOTA,0.13682169959444734,3.967351574618223
2020-07-11,ATOM,-0.029246905769192866,-3.964506421835015
2020-11-05,UNI,0.1430019696354512,3.9641417184372725
2020-12-23,TRX,-0.1409974344092345,-3.9579397960216296
2020-04-16,WBTC,0.07645130783632159,3.956406140364082
2017-04-20,XEM,-0.1235868444564272,-3.9539029575483653
2020-10-03,TRX,0.045144607255958924,3.9499307655442224
2016-11-13,LTC,0.03031977802801422,3.9493005167346653
2015-08-18,XLM,-0.1345372098591009,-3.9453890886411616
2014-11-05,DOGE,0.03126365018017441,3.944355983374114
2017-01-04,BTC,0.10623277348965332,3.942969241003626
2021-01-02,LTC,0.08488089869626259,3.9408068358291843
2019-01-28,LTC,-0.042757182126701765,-3.9400624819976695
2021-04-26,TRX,0.15594521739190426,3.9395628494995116
2020-03-13,ADA,0.18682818976805748,3.9385081871324306
2017-09-02,BTC,-0.06403089141293439,-3.931917300032527
2018-06-22,XRP,-0.0894357757815506,-3.9305578827205108
2019-10-23,BTC,-0.06975948570760493,-3.930230359868268
2017-09-04,EOS,-0.32050879491205087,-3.929976231315863
2014-07-30,XRP,-0.15963041949559875,-3.924102562959024
2021-01-11,BNB,-0.09604852673311981,-3.923181610809876
2021-02-06,SOL,-0.08544410636284805,-3.9152824972510767
2017-05-18,ETH,0.07840946930519554,3.9120936414164276
2019-01-28,CRO,-0.10079854305602487,-3.9104127952171566
2021-01-28,DOGE,3.5557120898215597,3.909171266137822
2014-09-23,XMR,0.16192952541697836,3.9088868021492518
2019-09-23,BTC,-0.0338684272118106,-3.9084145916963484
2020-05-07,WBTC,0.06206475163891789,3.905955906788952
2018-03-07,ADA,-0.1334328529987283,-3.9059004930064574
2019-02-23,XEM,0.07560148999288763,3.9035669049052193
2018-10-29,TRX,-0.058174485247293184,-3.9016144479469546
2018-12-17,ADA,0.1278516971828576,3.8990724544785844
2019-04-02,XMR,0.1514992844842118,3.8946709440018554
2018-09-05,TRX,-0.13641205142723634,-3.893382705810624
2019-08-06,TRX,-0.06145726438826049,-3.893247867647865
2017-11-29,XEM,-0.12222844264048982,-3.8925209738521787
2015-01-15,DOGE,0.2119651404729308,3.8925072209811273
2017-11-25,LTC,0.1391411934543323,3.8916625463190533
2015-08-18,LTC,-0.12908006426594387,-3.891466048836064
2021-05-05,DOT,0.16186424778781516,3.8894438939574
2021-06-21,XEM,-0.25089896546715607,-3.888394485704584
2020-01-06,XLM,0.08302219504373176,3.8869322644319353
2020-06-11,CRO,-0.08612794543010782,-3.8846419794836606
2014-03-23,DOGE,0.08455274023246684,3.884456106769555
2019-09-24,WBTC,-0.1138427186010571,-3.883825484875624
2020-07-06,ETH,0.06081589536323784,3.883456368074578
2019-06-21,CRO,-0.07037240192303107,-3.883044732524948
2019-12-17,XLM,-0.0926130015116724,-3.8815888484251535
2020-07-06,WBTC,0.03954599285465754,3.879834472626196
2019-10-23,MIOTA,-0.06396779038648204,-3.8764279141112374
2015-12-26,BTC,-0.08422862802476327,-3.8762318809538785
2020-04-06,ADA,0.11291311403336612,3.8753244992954246
2019-02-24,WBTC,-0.12165438036764686,-3.8741027625272375
2021-01-21,AAVE,-0.17246580807431144,-3.8728788370648277
2019-01-28,TRX,-0.08176302219510545,-3.8728647791647153
2015-07-09,DOGE,0.036759893554950906,3.8694617036367993
2021-04-18,DOT,-0.12197960131851993,-3.8682964971046205
2017-11-22,XLM,0.1229541546694175,3.8676512937396037
2015-10-19,XEM,-0.12623550679202933,-3.8641939411910373
2018-06-22,ETH,-0.11671192508756234,-3.859477899889875
2020-04-30,CRO,-0.07266807667864317,-3.8540521979716384
2021-06-21,TRX,-0.21005296114340055,-3.8532131468096225
2018-03-13,BNB,0.25822363699386885,3.850320507873529
2016-03-06,XLM,0.06246266408182932,3.8496123073154433
2015-09-11,ETH,-0.15679941933829267,-3.8487584317232404
2020-09-24,LINK,0.2746230639491005,3.8450923381584228
2013-08-30,LTC,0.04664704656022822,3.8358466726164493
2019-04-24,XRP,-0.058849809044704604,-3.835425315160336
2020-09-02,BTC,-0.04648477475820323,-3.834087500919942
2014-09-18,XMR,-0.11257385485164317,-3.8307800218324455
2020-06-22,XLM,0.045305424709498165,3.83049887796346
2017-04-28,XRP,0.277429904977065,3.8295635335338125
2020-03-08,BNB,-0.15884893979752446,-3.8285529616950686
2017-09-15,XMR,0.20248386544036823,3.825628466819946
2015-01-13,DOGE,-0.13118829390166664,-3.82491824210085
2018-04-12,ADA,0.2782887265125582,3.824201081112654
2016-03-02,BTC,-0.025588103893152248,-3.8216601605290332
2017-09-14,XEM,-0.29753449747096095,-3.820160466711604
2018-05-29,ADA,0.16252719960775774,3.818015613585306
2021-03-24,EOS,-0.0962175970105188,-3.8178216692928597
2021-03-26,BNB,0.08608083758844343,3.8165412007128094
2020-04-06,XRP,0.08974188899956981,3.816303629781901
2019-02-17,DOGE,0.035564447570606283,3.8129473539858076
2019-02-24,XRP,-0.09372912864449345,-3.8118298503412595
2020-11-26,BTC,-0.08442702340559582,-3.810146071394412
2014-01-07,LTC,-0.20423314135006276,-3.8096225867531714
2018-07-10,DOGE,-0.07373678123060212,-3.805368574244441
2020-05-07,BTC,0.07366211997874328,3.8006310734815614
2016-11-12,ETH,-0.040033394681726175,-3.800232196798577
2015-01-03,DOGE,-0.09913706580452608,-3.7913548686974123
2015-01-15,XRP,0.15539786563710045,3.7889306351009115
2019-04-11,EOS,-0.08469359057462544,-3.787491975225058
2015-02-15,XLM,-0.11431836831855036,-3.7781702746178003
2018-05-11,XMR,-0.0938585230519785,-3.777021926430076
2019-05-03,BTC,0.04777333028616271,3.7764767939100223
2018-01-12,ADA,0.3037367321587683,3.776031046944485
2020-02-09,XMR,0.08609161294690892,3.773318307651841
2018-01-30,BNB,-0.11859451660227915,-3.773267978716477
2019-10-25,TRX,0.1530633024908079,3.7701174841658496
2020-09-21,ADA,-0.10069128573840902,-3.767341469736972
2020-07-06,XLM,0.0697566444255242,3.766622968521682
2015-08-28,XLM,0.17375754117999165,3.7645370565452785
2018-12-17,EOS,0.2525112895762711,3.760545991159924
2014-09-10,XMR,0.11317445240192936,3.7589665248414015
2016-05-25,XRP,-0.03453296793849292,-3.758118533363183
2020-12-20,DOGE,0.17773222130260335,3.757065228141535
2019-01-31,XEM,-0.14436971807420695,-3.7563996017671686
2014-08-14,BTC,-0.0744231667810169,-3.7562762274654395
2020-06-22,WBTC,0.05313223890222063,3.755143895157601
2019-07-31,WBTC,0.06254596513751243,3.751258697500888
2017-01-17,XMR,0.16449714579814856,3.7484867639418176
2020-06-22,MIOTA,0.06043184357888043,3.747362310733059
2014-12-08,XRP,-0.09284715014669986,-3.7448810613087327
2021-02-03,AAVE,0.2141373946799392,3.742231590991803
2019-02-08,MIOTA,0.09742565070667086,3.7418574060766567
2016-11-16,BTC,0.045781490717260676,3.7398287330701225
2018-03-29,XLM,-0.12967790667817725,-3.736114531272589
2019-02-24,LINK,-0.11095400046085668,-3.7360894073803554
2019-01-10,TRX,-0.09046793794669061,-3.732630584530247
2020-05-21,ATOM,-0.06588088268397763,-3.7312913192795114
2018-01-02,ETH,0.14470236473009201,3.7307577428197054
2019-06-18,XLM,-0.049380490487683004,-3.730016619346487
2017-12-20,LINK,-0.15149446075084005,-3.729604115756221
2019-11-23,DOGE,0.060339209375157576,3.729469617371846
2021-04-26,XLM,0.16610287758396058,3.7294130421368688
2020-05-21,XLM,-0.06047464907586508,-3.7286928016242906
2020-02-15,ADA,-0.09516178402397002,-3.728005688876762
2018-06-30,LINK,0.25154087516179024,3.727616078499508
2019-09-24,ETH,-0.16744431799138493,-3.727010586226619
2021-04-26,XRP,0.32574260516157705,3.725163011170926
2016-11-03,LTC,-0.059244681543165645,-3.7244503011041825
2019-09-17,MIOTA,0.05511005871185737,3.7232399404488286
2015-08-10,XLM,0.05141290576680069,3.7221207090461035
2018-08-17,LTC,0.11113238526856906,3.721788545105238
2020-12-16,EOS,0.08148787078186848,3.7204742919730065
2014-11-12,BTC,0.1519356972535466,3.71882754766151
2020-01-14,LTC,0.17582555118420728,3.718199536063266
2018-10-19,LINK,-0.03962718186955605,-3.717676934927519
2020-04-24,ATOM,0.14617154521877218,3.7173684612052096
2013-11-29,LTC,-0.1302868501758101,-3.71420278200943
2021-02-22,ETH,-0.07935937203017518,-3.7124183253758978
2018-06-10,EOS,-0.19210363093812788,-3.7124028336583734
2017-11-24,ETH,0.15785079208313468,3.7107019863359
2014-04-25,LTC,-0.14041629519699583,-3.7094746165388517
2019-04-22,ADA,0.053074786188515466,3.709257526465185
2018-04-25,LTC,-0.12677567120592448,-3.70852827194037
2015-07-24,BTC,0.04430011848888693,3.7081315489407456
2019-01-10,EOS,-0.16357361853213637,-3.7076996454710924
2018-06-10,DOGE,-0.11436929758152559,-3.707007088612983
2016-03-26,XEM,0.18948732208273533,3.705996346577629
2019-06-05,LINK,0.21949338080507363,3.702950248945354
2021-04-26,CRO,0.11323363966788724,3.70281276707986
2019-02-24,TRX,-0.06467172392480225,-3.700825036396321
2019-05-11,WBTC,0.11569629411065074,3.698506727573977
2018-08-09,LINK,0.2108752850377127,3.695135843658524
2020-03-02,XMR,0.0578654025882146,3.6927573520444734
2015-10-29,DOGE,0.1215971119143564,3.6908451201394485
2018-10-11,TRX,-0.1745435757472974,-3.6901185038698117
2016-03-07,ETH,-0.1607911670368124,-3.6892544884297216
2016-01-15,XLM,-0.09222051883887594,-3.6889357542596355
2021-06-21,EOS,-0.21956324202194066,-3.688133747060949
2015-05-04,XLM,0.12823729526943506,3.6877405689829286
2021-04-18,CRO,-0.13348973409214082,-3.6851213612651494
2020-07-05,EOS,-0.021298245387853187,-3.6840966040931034
2021-02-23,LINK,-0.181741718271907,-3.683476941113561
2018-03-19,ADA,0.2657167381482788,3.679964423924248
2021-04-05,XRP,0.42327443294112266,3.677768196409301
2020-09-03,XLM,-0.14250704037386597,-3.6738754877392945
2016-08-20,ETH,0.04639632098047075,3.6735892328288626
2020-09-13,XLM,-0.0480842005534724,-3.6725195864246607
2016-06-14,XLM,0.12412934488363514,3.670135573446778
2021-01-01,XLM,0.031459485524410136,3.667982074971288
2020-08-10,MIOTA,0.10163731252558317,3.6665925788525224
2020-04-16,DOGE,0.04492467049041493,3.663983478673071
2018-01-12,XLM,0.21470781093145952,3.6634736817583273
2016-07-08,XLM,0.07440016388665116,3.66344371286151
2021-04-07,ADA,-0.06389071247767042,-3.6624830782613316
2014-03-24,XRP,0.017437673245413343,3.6619108073398734
2021-01-19,UNI,-0.06231566944965794,-3.6595847627119524
2014-03-27,LTC,-0.233326754625244,-3.658152710241332
2016-09-04,LTC,0.03232143514033803,3.658038701197964
2020-04-30,XMR,-0.06111050887837666,-3.6575047069292266
2017-07-12,ETH,0.16904416293984426,3.6573883917430132
2014-10-23,BTC,-0.06457126822962145,-3.656913185759589
2021-05-05,XEM,0.1958299108991377,3.65659384218501
2013-10-02,LTC,-0.18884291026824762,-3.6565805165231255
2018-04-25,BTC,-0.08783292246713126,-3.6533088430070997
2017-03-23,XRP,0.44940243256928625,3.6525706487526275
2019-09-07,TRX,0.0825818403437717,3.650797790638112
2013-06-21,LTC,0.2536394722763895,3.6501993550751837
2014-04-25,XRP,-0.09532658510846026,-3.650156719165023
2020-03-12,LINK,-0.45913033555913485,-3.6497348179750198
2020-01-26,WBTC,0.035131843660343165,3.643824603989728
2018-01-30,BTC,-0.10535219581320499,-3.6411294634370144
2018-04-25,BNB,-0.12937898534323888,-3.640303294249824
2020-01-31,XEM,0.07792134219674818,3.639331076366577
2014-07-31,BTC,0.03339007280519568,3.6370422657224655
2020-04-10,LTC,-0.08871765804325715,-3.6323816829835165
2020-04-29,ETH,0.09350505278898158,3.6299815306057694
2014-04-11,DOGE,0.2676826279159912,3.6295206796504877
2015-09-29,XRP,-0.11347418918626917,-3.628608736027622
2018-10-27,MIOTA,-0.026684330826821756,-3.628496869011451
2021-06-21,BNB,-0.2031444055670153,-3.6245502649383403
2017-11-26,EOS,0.19547487359747007,3.6219452170129967
2018-12-13,MIOTA,0.16850592849494572,3.6214985416008934
2019-04-30,LINK,0.09150822416051385,3.6202154406785603
2020-11-21,ATOM,0.117835348595561,3.6200912061395343
2019-12-18,EOS,0.11659684504455448,3.6180880867842578
2014-03-18,LTC,0.1216126959172028,3.6143981493238964
2018-03-29,XRP,-0.11503584928697419,-3.6139550646775485
2019-09-22,EOS,-0.04503426757736839,-3.612352632432317
2019-04-11,TRX,-0.11251539504947872,-3.611939176916423
2017-07-07,MIOTA,-0.19587145015235508,-3.6078927406338526
2015-03-05,XRP,0.1506678841691691,3.607315272419649
2018-07-02,DOGE,0.08595565050570642,3.6063172007199276
2017-11-06,BTC,-0.051927783464298494,-3.603929560711078
2016-01-07,XLM,0.033313969887299955,3.601314395248203
2017-05-17,DOGE,0.24442404814181828,3.6003241026714856
2020-03-13,LINK,0.17258775066802756,3.5992074432589867
2021-04-07,XEM,-0.20504301969234862,-3.599007891170083
2016-08-22,XMR,0.5728214250161754,3.597894591661916
2020-03-08,TRX,-0.1280785132125728,-3.5921809961283406
2018-10-02,XRP,-0.09649221716646927,-3.59189227181506
2020-11-11,AAVE,-0.18360090034435428,-3.590518249649152
2020-11-05,LTC,0.0766873481374244,3.5903546147258925
2014-05-23,LTC,0.05245248858423612,3.587584192689314
2020-06-11,ADA,-0.09781372787023068,-3.5872182246848183
2021-01-21,MIOTA,-0.10172271637611485,-3.5851877038795408
2018-03-08,XEM,0.15010760748985463,3.5849159300655633
2016-03-27,LTC,0.022605915737373472,3.5847469528941227
2020-07-08,XRP,0.10771836065176799,3.5826604393579107
2016-06-17,XEM,-0.04863476268023381,-3.5820706264453497
2015-11-05,XLM,-0.07698241306626397,-3.578640744799288
2019-01-10,BTC,-0.08831363432167572,-3.5780865460948688
2016-12-22,XMR,0.0747330907566297,3.5741327671715846
2015-10-16,BTC,0.033615053738151435,3.5711949063490005
2021-03-26,LTC,0.06481804009938696,3.570881538262015
2018-03-29,BTC,-0.09916170347942177,-3.5704054082347367
2021-01-21,LTC,-0.13204650231846027,-3.5699644470967824
2019-03-10,XLM,0.11471574515253447,3.5665393418861377
2017-02-05,XEM,-0.10931686131434237,-3.563780044421914
2021-01-03,LTC,0.1697448843139744,3.5630381753394924
2017-10-09,LTC,-0.05604918636934875,-3.5624069746887552
2020-11-26,WBTC,-0.08380712431694393,-3.559398148193687
2019-11-08,XEM,-0.06414398864802229,-3.559028911841848
2020-01-27,EOS,0.0859151965172047,3.558292678683863
2021-01-21,SOL,-0.19686499712968297,-3.555418075936829
2019-04-11,LTC,-0.09843825021307384,-3.5539655200639433
2021-01-21,UNI,-0.153645050255666,-3.553716410596509
2021-03-24,XRP,-0.1217371049203545,-3.5525246864031015
2018-04-12,BTC,0.13215957347142826,3.551280580616724
2021-05-18,SOL,0.19306734030412098,3.550220038376045
2017-03-12,DOGE,0.08554475141226558,3.549754227536868
2016-02-04,BTC,0.053101883614825374,3.5495873624504815
2018-04-12,MIOTA,0.2504944256455446,3.549209591038775
2017-09-01,DOGE,0.2325395354106199,3.549015071557356
2021-03-26,BTC,0.06639991197510642,3.547806892898164
2020-08-01,XRP,0.11828799780236832,3.547316021212819
2020-12-24,XRP,0.3063280619173254,3.545477656842496
2018-10-04,LINK,0.034162751580534945,3.545161652688465
2018-08-08,XLM,-0.12711122286189902,-3.5450018923032878
2019-11-07,WBTC,-0.023365057041207282,-3.544572943729585
2018-07-10,XLM,-0.07714170375133689,-3.544157945492421
2021-01-21,ETH,-0.18860454364976365,-3.543663850922699
2019-04-02,BNB,0.1024640150530256,3.543638931424714
2020-01-14,MIOTA,0.11358917002935454,3.5430851732280177
2021-06-23,DOGE,0.21537308280111067,3.5419304130162415
2019-06-18,EOS,-0.046767585572747405,-3.5416218430804607
2019-01-08,TRX,0.11586751989700361,3.541053316598062
2017-05-24,XMR,-0.18410275106840923,-3.539809973678044
2014-01-05,XRP,-0.10308822065815582,-3.53790206405099
2018-12-17,XMR,0.1139634343613729,3.5378200383644316
2014-01-05,BTC,0.08611885689549337,3.534953520392535
2019-05-11,XEM,0.17795182824181088,3.5346693886623557
2021-06-21,CRO,-0.15922855470421282,-3.5333929580487324
2019-11-07,XRP,-0.05693623955204552,-3.5316267255071345
2019-03-21,WBTC,-0.01738375958021099,-3.531601004138717
2021-05-04,BNB,-0.09543480277269523,-3.5311387403339065
2020-12-24,ATOM,0.1305055593301674,3.5301439939432595
2021-04-03,MIOTA,-0.09392908003166733,-3.528818514605048
2017-08-31,EOS,0.05649083844574032,3.5278773933971617
2015-10-18,BTC,-0.03324345547731011,-3.526758914481791
2020-05-10,WBTC,-0.09627729216461267,-3.5237154293811352
2019-10-23,TRX,-0.05874083100066929,-3.5232607606880526
2014-10-14,LTC,0.0554485670270044,3.523252302691978
2014-04-25,DOGE,-0.18673453219760894,-3.5224788398626714
2021-06-21,ADA,-0.17611947145106477,-3.522361923144226
2018-08-17,TRX,0.19259357918948372,3.5213403865462247
2020-02-14,TRX,0.10337027358571826,3.519663253787515
2016-05-19,LTC,-0.042423369286919255,-3.5190863125194665
2019-06-27,EOS,-0.12787095723131203,-3.5186003650257573
2016-10-02,XMR,0.1284932158392773,3.5183603033089055
2017-05-08,BTC,0.07931309865072911,3.5169191073666903
2017-10-29,DOGE,0.13111523364104127,3.516133265674265
2020-05-10,ADA,-0.07845985571643288,-3.5151842631446395
2021-02-23,XLM,-0.17223765130533897,-3.51508376303284
2020-03-02,ATOM,0.09396096470725213,3.51467409040001
2016-02-23,BTC,-0.038862528117782236,-3.5133333284016146
2019-09-18,ADA,0.08741544675030655,3.51239377719843
2017-03-18,ETH,-0.27051766342212114,-3.511493630422303
2020-09-24,ATOM,0.16513231464060563,3.5100028690119056
2014-12-16,XLM,0.26245898920012034,3.508028943899
2021-03-26,WBTC,0.06429730957376067,3.506544854465763
2020-11-17,DOT,0.08007266918202793,3.503403881387492
2021-04-26,ADA,0.13394816185305602,3.5026003252233457
2019-10-25,BTC,0.15576348310330013,3.5025824338133074
2015-09-05,LTC,0.0808627668496904,3.502363495509238
2019-11-21,WBTC,-0.052101277763999976,-3.5005887958659145
2014-05-22,DOGE,-0.07490833822478948,-3.5003356813622077
2018-04-25,XEM,-0.13422552401007248,-3.499639825909778
2017-08-06,EOS,-0.09112144529120125,-3.4991034311754463
2017-05-09,XRP,-0.19241015978159925,-3.4977323386785804
2016-09-11,BTC,-0.026928205971060826,-3.497172983699652
2019-06-21,ETH,0.08544603684279184,3.49559884723339
2020-07-25,SOL,0.2580785768966041,3.49547612955221
2019-09-24,BNB,-0.17540174053322366,-3.49503633436454
2020-01-03,BTC,0.05145168224451835,3.494746769801423
2017-06-05,DOGE,0.21829312318719563,3.493835877815048
2019-08-14,ETH,-0.10589526665218107,-3.4903700768749184
2020-12-31,UNI,0.24822232487772888,3.490119865621994
2017-07-12,XEM,0.12185770461196221,3.4849142158265227
2019-12-17,TRX,-0.074992680406608,-3.4844101664139
2021-04-07,UNI,-0.08711951687852937,-3.484190442835739
2018-07-16,LINK,0.11664743244871878,3.4825298835159617
2020-10-20,ADA,-0.056897072723310904,-3.4785388618549744
2021-01-29,TRX,0.1230332462668442,3.4782751745895673
2015-02-15,XRP,-0.08313223083936305,-3.477251818929533
2017-10-24,XEM,0.06813759107593742,3.4771941119193803
2019-02-24,ADA,-0.12629863051852164,-3.4744651165767944
2019-08-07,CRO,-0.10199882978346397,-3.4721148992610695
2015-06-29,XRP,0.0444314226646374,3.4716669454166293
2017-01-31,BTC,0.05434808053482354,3.471099073825288
2018-02-06,BNB,0.23621368951048982,3.470705255219239
2019-10-16,XMR,0.05556519205689381,3.463687105474666
2017-04-23,BTC,-0.019891046412706115,-3.46111015354522
2019-04-11,BTC,-0.048842457108694504,-3.460690701126676
2015-11-12,LTC,0.1041662451330938,3.4601770943338463
2019-10-25,WBTC,0.14822287804489553,3.4596373353279524
2020-01-14,WBTC,0.0908844727524798,3.4587492905287647
2019-12-10,LINK,0.08590276723620849,3.4586564592460314
2020-03-08,WBTC,-0.08250011935308066,-3.4579239841812925
2020-02-26,CRO,-0.10293118050591521,-3.4579051169678925
2020-02-15,TRX,-0.1040636621958374,-3.4570314058801994
2016-12-17,LTC,0.019105987833895943,3.456968526546839
2015-09-14,XRP,-0.13218515458840008,-3.455844093569009
2014-07-17,DOGE,0.11633940261061793,3.455628620408389
2017-09-15,ETH,0.17089589422680818,3.454860615947055
2020-03-08,XMR,-0.13854951037246066,-3.4523677789821785
2021-05-05,TRX,0.22579163758933807,3.451074958596093
2018-07-20,XLM,-0.10254434887532349,-3.4480165440620776
2018-01-30,EOS,-0.1744676227667905,-3.447317518553788
2020-02-05,XEM,0.22927454680320625,3.4459740374911396
2020-10-06,DOT,-0.09982459341988748,-3.4456634075402675
2016-09-08,XRP,0.0015646695575000091,3.4442298825828495
2020-08-01,XEM,0.06328716186079153,3.443561913178955
2015-09-30,XMR,-0.08245436552113872,-3.442056911305118
2014-03-12,DOGE,0.181851249393445,3.4405737976414867
2021-03-24,MIOTA,-0.1638883038484662,-3.4404275147135537
2015-05-18,XRP,-0.09181042287342467,-3.440222018794091
2019-03-27,ETH,0.04080754677226839,3.440057696414153
2019-02-17,ETH,0.08387678098841844,3.439343909772093
2014-09-27,DOGE,-0.1677067833115935,-3.4368447534137054
2021-04-03,WBTC,-0.029304361381380817,-3.435927803949857
2021-05-03,ETH,0.1622699826679741,3.4346798143614086
2013-08-08,BTC,-0.03512880562060894,-3.434303332292973
2016-08-12,XEM,0.18005651497352626,3.4336608544856175
2021-05-05,XLM,0.19889070804373965,3.432949834995973
2018-04-25,ADA,-0.13174907697338512,-3.4328670833022383
2015-02-04,XRP,0.036314230061529784,3.430514729887921
2021-04-03,LINK,-0.09216298440792225,-3.4291132242310742
2020-05-30,TRX,0.08679763685267128,3.4271227899688466
2020-11-19,TRX,-0.038017643712144,-3.4267273256578736
2017-03-04,ETH,-0.043172791537445354,-3.4257048762255535
2019-03-05,BNB,0.19626129302862827,3.425267686382174
2017-01-05,BTC,-0.12240954853233965,-3.4249863869004007
2019-04-24,CRO,-0.0982404185530854,-3.4240916685535963
2020-03-13,WBTC,0.13208207442672082,3.419471196406796
2020-06-22,BNB,0.029626675577435035,3.418701681477864
2019-07-15,XEM,0.16539581759961375,3.4156939344012334
2019-02-18,TRX,0.048939119481659965,3.411648707023442
2018-12-25,ADA,-0.09198373471282639,-3.4110592249924565
2020-07-22,ETH,0.07009287858767932,3.41088289927775
2018-09-17,MIOTA,-0.07395777889912691,-3.4092423227179856
2014-09-02,XRP,-0.07647256190249685,-3.4078489436586015
2016-01-16,XMR,0.1592042150723001,3.4066982823678886
2019-10-23,BNB,-0.0815816523090882,-3.4059373100784396
2020-09-13,LTC,-0.05413760687849245,-3.4057435057689753
2020-07-08,XEM,0.0880110578611415,3.4044486178159055
2020-11-06,ETH,0.09817715226871604,3.403209292749233
2016-03-27,BTC,0.021103272367545722,3.4003691145479977
2014-12-07,LTC,0.026736570733376652,3.397701352449591
2021-04-03,BTC,-0.029981388756465832,-3.3975594194726604
2020-09-04,TRX,-0.13526649906139188,-3.3966968171151004
2021-06-21,XRP,-0.21379944555028607,-3.3964635713958784
2015-01-24,LTC,0.29303263339033747,3.3957325835880714
2019-01-10,BNB,-0.1092562158877447,-3.39532768611101
2019-08-06,ADA,-0.05841433497255133,-3.3952233201873425
2017-11-10,TRX,-0.14138224127910703,-3.39171676367634
2020-09-21,BTC,-0.04351799825638791,-3.3887907887005992
2017-08-21,XLM,0.12036188836362793,3.3874956778705485
2016-07-02,LTC,0.07846625860352052,3.387418160106275
2017-04-28,XLM,0.14642019254295446,3.3857409979524813
2017-03-19,XEM,0.37775455734703933,3.3852778467973588
2018-01-28,XRP,0.1480506395260377,3.384922694353703
2020-09-03,XMR,-0.14383351762929397,-3.381611396691742
2020-08-11,TRX,-0.06320430720087944,-3.3815590268020883
2019-12-17,WBTC,-0.0444096245199922,-3.378292891449257
2016-05-12,DOGE,0.05048266533770307,3.3753864291630986
2014-10-23,XMR,-0.08579133539281836,-3.375255073548677
2018-05-31,BNB,0.12881336207655192,3.3751909542330765
2019-02-24,XMR,-0.08924757300448682,-3.3748748684231327
2015-10-06,BTC,0.023628992226607304,3.374270722795083
2020-11-06,ATOM,0.07915896055104588,3.37396776281243
2021-05-05,EOS,0.3796910010602619,3.3735607845945403
2015-11-27,XLM,-0.08032734088470073,-3.372623582739959
2018-03-14,XLM,-0.14302204695961207,-3.372462651033676
2020-07-21,LTC,0.03907819579628602,3.3693141040055616
2015-01-04,XRP,-0.14376254158762014,-3.3692905673437417
2021-04-20,BNB,0.16221997727064452,3.368693983215703
2014-11-25,XMR,0.11985371338589101,3.368456252947169
2019-12-16,XLM,-0.05542774832642472,-3.367426211841189
2017-06-10,XRP,-0.08791372071347847,-3.365157226294118
2020-05-10,ATOM,-0.08718663576891295,-3.3639889115786916
2019-11-08,XMR,-0.04117129347612336,-3.3638144270852326
2014-11-12,DOGE,0.08851087073182762,3.360978300281642
2019-10-25,BNB,0.10209148853121475,3.3574811175983212
2019-03-27,BTC,0.02559180907362113,3.354927547981192
2014-09-06,DOGE,0.29163737301911574,3.354506084485685
2020-05-24,DOGE,-0.033843695408598995,-3.3528698817931977
2019-03-05,XRP,0.03727379569371059,3.3526702975828035
2018-07-02,XEM,0.19235432703737287,3.351531166254846
2020-12-16,DOGE,0.06566909042133418,3.3506412933248964
2017-05-03,LTC,0.32385026899674796,3.3504232676808314
2017-01-04,XLM,0.07090727370806027,3.3464316676103047
2019-07-10,EOS,-0.10297899036903568,-3.345725728807665
2019-09-08,ATOM,0.256615228926087,3.3450362851711146
2019-06-22,MIOTA,0.08577061691740373,3.3445201420702464
2015-12-26,XLM,-0.09741962533901005,-3.3438942456099197
2020-11-17,XLM,0.05103481421405176,3.3436405593948373
2021-02-25,ATOM,-0.0890381110633982,-3.3434407343604966
2019-02-24,EOS,-0.1585691102706498,-3.341495295960172
2020-04-16,EOS,0.10560083118429442,3.34148855604538
2018-01-08,EOS,-0.22594416947115048,-3.3412999353110147
2019-10-22,DOGE,-0.07526086255366893,-3.3409927753738318
2018-11-06,EOS,0.047545546651255766,3.337811464252874
2018-05-29,XLM,0.11539852858217392,3.337008637298575
2017-08-18,LTC,0.0766669484029161,3.3365903409393227
2020-08-02,MIOTA,-0.07927456984471648,-3.335560088073513
2014-08-19,LTC,0.2580723404872751,3.334854840272386
2020-06-24,EOS,-0.031261731895065314,-3.3340493746651743
2018-04-12,XRP,0.16539380774860568,3.3329811349352676
2019-04-25,BTC,-0.04654296250407419,-3.3314454381194185
2020-10-06,LINK,-0.08774492216880769,-3.3309066815439046
2019-09-23,ATOM,-0.11353573177489051,-3.3260950183093136
2020-11-16,LTC,0.14525266024925942,3.32480060392917
2017-12-08,BTC,-0.07431961911021967,-3.3247905702649736
2019-02-24,MIOTA,-0.11471251072542799,-3.3243872192206263
2021-03-01,WBTC,0.09357732325605372,3.3242399856341547
2018-03-11,TRX,0.10845265695325423,3.323556975124739
2020-09-03,MIOTA,-0.1825514308331584,-3.323509271003251
2019-02-07,MIOTA,0.04379435330223336,3.321915592787704
2018-11-05,XRP,0.07504144234489107,3.321764092233575
2016-10-30,ETH,0.07067768801502772,3.321729073889735
2021-05-12,BNB,-0.12515916068108368,-3.320254510692588
2017-07-17,BTC,0.15472426139779838,3.3193418589482997
2017-01-28,XMR,0.062083596258779794,3.3157588436346157
2020-12-16,CRO,0.05236298017729091,3.314941579122377
2021-06-23,DOT,0.1016950643359571,3.3120418356733454
2015-02-14,DOGE,0.055225444472490004,3.3117883906704075
2018-07-13,XLM,0.09989825401449748,3.3104522031373502
2015-10-14,ETH,-0.1393669041122012,-3.3089738471782404
2021-06-23,XRP,0.14946466772493405,3.3089381943634097
2016-07-29,LTC,0.027647911525529256,3.308812929983484
2017-12-06,TRX,0.465160329164267,3.30374270791442
2017-05-25,BTC,-0.05674318565944092,-3.3017006387804826
2015-05-27,XEM,0.07973147117019685,3.2992506101661228
2020-10-21,ETH,0.06245122367569378,3.2985329354980415
2019-01-28,XMR,-0.06411501183862178,-3.298259549842579
2014-02-06,BTC,-0.03739329033486094,-3.2970930908314604
2017-11-10,XEM,-0.12684734280488008,-3.2960496342137096
2016-12-06,ETH,0.15352125651944082,3.295324420338947
2016-05-31,DOGE,-0.029934891534617147,-3.2948777623113275
2015-02-12,XMR,0.06584963046894976,3.293524608894359
2014-09-18,LTC,-0.07379982632873017,-3.2934389571947893
2021-04-06,XEM,0.12346834841178822,3.2933473959437807
2020-03-12,CRO,-0.3876267509226131,-3.293151107833864
2019-03-27,XLM,0.04529738394134464,3.292214201953288
2017-07-07,XRP,-0.059538695467662994,-3.291690836703939
2017-02-19,XRP,0.055503702248107745,3.289667009827322
2020-01-14,XLM,0.08298587859396611,3.2888008929429664
2019-02-18,DOGE,0.06085508917240934,3.287886033840319
2021-02-19,XEM,0.20179339409642738,3.2866930683080535
2020-11-02,TRX,-0.050312409508132316,-3.2842124310638225
2019-01-28,ADA,-0.058199740583095405,-3.2827820948435935
2019-06-18,XEM,-0.050861200332786516,-3.2826809527657956
2017-07-17,XMR,0.18354896529840214,3.282407311318598
2013-06-04,LTC,0.051794870583678376,3.281211799592405
2017-11-01,ADA,-0.24480656272856605,-3.279672762597584
2014-08-31,XMR,-0.1116204670130092,-3.2778608078936475
2017-01-26,LTC,0.03224905371470421,3.2744392358364642
2020-07-21,ETH,0.037533101368175226,3.273574298107029
2020-10-28,SOL,-0.12874212960029374,-3.273277643428115
2017-09-02,XLM,-0.13013897445503542,-3.273070502542649
2016-12-27,XMR,0.23521217628156688,3.272802806531664
2019-06-25,LINK,0.17705295572519764,3.2723112480338226
2017-06-07,BTC,-0.045766988438535994,-3.271198846584006
2016-05-06,XEM,0.03582296360190873,3.269631164977079
2014-04-25,BTC,-0.07795948067583913,-3.268946431593951
2021-05-20,WBTC,0.1016514558936017,3.2688635996339093
2014-11-22,XRP,0.16297201074203316,3.268277077499324
2021-03-01,UNI,0.14669436695503668,3.2676088541065087
2015-12-29,DOGE,0.12070967244475006,3.2674023483723666
2016-07-06,XMR,0.11781330235932352,3.265090382093015
2020-04-16,BTC,0.07146740005314767,3.264405440423484
2015-02-13,BTC,0.0616105135120002,3.258136394749638
2020-02-15,MIOTA,-0.10704687806860125,-3.2579534723273524
2019-04-26,TRX,0.03879601663592913,3.253929176340129
2013-11-09,LTC,-0.0846721272178722,-3.2522195477191738
2016-03-17,XEM,0.1095207388427466,3.2518837305155333
2019-08-28,LTC,-0.07428565465014891,-3.2500025947188464
2016-10-22,DOGE,0.022320649407951088,3.248912439946386
2019-02-24,LTC,-0.13549166433646276,-3.247821754513673
2018-06-14,XMR,0.09099567758212568,3.2474369032396484
2015-04-26,LTC,-0.05826462285386147,-3.247340886141104
2016-05-28,DOGE,0.03069054664201043,3.2455992746160796
2021-01-04,AAVE,0.2199355114022099,3.245299808880008
2021-01-03,ETH,0.25947531507656985,3.243305884160401
2020-08-19,ADA,-0.059316703391711356,-3.2422971957947526
2020-09-17,SOL,0.1361181651782155,3.241734071620173
2021-01-21,CRO,-0.15128776290642254,-3.2417117389374375
2014-08-13,BTC,-0.040348161874806276,-3.238426247640674
2014-11-18,XLM,-0.15658981640414738,-3.237645796931053
2014-02-14,BTC,0.09376445858778126,3.2370723382614393
2018-03-19,XRP,0.13707674067382758,3.2368025864341177
2015-09-11,XRP,0.10199690315931198,3.2361115692254687
2018-07-10,XRP,-0.06162728590046662,-3.235753686034846
2015-01-28,BTC,-0.11219285371519894,-3.2330909370760836
2016-02-14,LTC,0.025849191326706933,3.2330793558924897
2015-11-04,XRP,-0.08092681562148352,-3.233014298022017
2019-07-12,CRO,-0.13082041478088202,-3.232503619142928
2020-11-05,DOGE,0.03298885239689309,3.2324235107834105
2016-01-06,XLM,-0.028585220786462084,-3.22727721264044
2020-11-20,ADA,0.11674789824047505,3.2237544182321023
2020-11-17,TRX,0.03407862916616189,3.22295461675137
2021-01-21,XEM,-0.1128901894967751,-3.2223414207424104
2018-03-07,ETH,-0.07848695454027554,-3.2223158208750444
2015-02-05,XRP,0.0717206415915681,3.2220832879362162
2016-03-07,DOGE,0.05249592836984407,3.2212510788960937
2017-11-01,XEM,-0.10775762546483592,-3.220608457120823
2016-01-27,XLM,0.17529780055274746,3.219823353214712
2018-11-19,TRX,-0.16158674073013035,-3.2143207323890994
2014-06-26,XRP,0.0305515816546702,3.213477170463653
2021-03-16,ADA,0.20261815809316364,3.2126439723247624
2017-12-11,ETH,0.1662021426369491,3.2114751226965037
2019-09-23,CRO,-0.050222059684460585,-3.2114593384196084
2019-12-16,ADA,-0.06504969132823468,-3.2103259953558503
2016-07-22,ETH,0.158979345988985,3.209762524213923
2018-05-13,ETH,0.06916134129166629,3.2090303629024746
2021-01-06,CRO,0.158010855867581,3.2075949358231353
2020-03-08,ADA,-0.11550353578548744,-3.207056516402291
2020-10-23,CRO,0.04827485690994582,3.206298469506551
2020-02-12,XRP,0.08657023928148133,3.2058961744829557
2018-05-11,ADA,-0.12441390025312338,-3.2055820586638144
2018-11-06,XRP,0.1038736500124644,3.204829051483369
2020-08-01,XLM,0.1038289062304183,3.202616174657463
2018-03-19,TRX,0.1307746003425012,3.2022068684139873
2018-01-17,TRX,0.3878843336512041,3.201949439155871
2015-10-31,XMR,-0.1137143230990102,-3.199444593498843
2013-07-18,BTC,-0.08040607278117096,-3.1983000423596657
2017-11-29,LTC,-0.10894913318475008,-3.1975762862106794
2020-06-27,EOS,-0.04962704941517615,-3.194826472161235
2021-02-12,XLM,0.16544283745501165,3.1945626481328486
2018-01-05,ADA,-0.10282646452204358,-3.1934204068372467
2020-08-10,EOS,0.06764826371246646,3.1918681070699644
2014-12-19,DOGE,0.09906762750670173,3.1914411129933633
2019-04-13,LINK,0.08853828913739137,3.191285253262587
2020-10-01,BNB,-0.06346361429035297,-3.1908484429257498
2021-06-13,AAVE,0.13864697840358509,3.19072207332151
2021-03-01,BTC,0.09955012966137988,3.1898292765614427
2015-03-12,XLM,0.05801448210525062,3.189585422385185
2018-11-08,BTC,-0.01170265874851062,-3.188357150321262
2020-02-06,ATOM,0.0557448678480863,3.186532232345319
2018-11-14,XLM,-0.09598622118260436,-3.1847742050212986
2019-05-03,WBTC,0.0505106260099526,3.183201521334658
2020-03-13,LTC,0.21037459043690898,3.1828221175470173
2019-08-09,MIOTA,-0.07515142149595455,-3.1828092322543227
2017-07-31,LTC,0.06433873438913373,3.1814310771173417
2014-02-24,XRP,-0.11823406086452226,-3.1807209163051122
2019-04-02,MIOTA,0.089966913800692,3.179771461444997
2017-11-10,XRP,-0.05060048825062591,-3.1797261926753406
2019-10-25,XRP,0.07064601220076372,3.1792326538574134
2018-04-30,EOS,-0.18393793737444675,-3.1787758663213537
2016-07-20,XMR,-0.07339263562714571,-3.1765200099360964
2018-03-07,XEM,-0.12417632667751699,-3.175587743906969
2017-05-25,DOGE,-0.18176801145210186,-3.1750970364410835
2016-04-12,ETH,-0.13899925317236217,-3.17494158224313
2018-07-31,DOGE,-0.10020044978977205,-3.174695249526661
2017-10-08,XRP,0.1732282943331871,3.17364067002476
2020-08-09,ATOM,0.19230944352977564,3.173434151035542
2015-04-30,XLM,0.06074116775796701,3.1721512382769386
2020-07-13,SOL,0.15640370560473693,3.1719226371884113
2018-09-17,EOS,-0.09793660342263277,-3.170732665772937
2015-12-02,XEM,-0.11700713226983461,-3.1705965021922045
2016-04-27,XEM,0.07350925053087165,3.1705870278628243
2016-11-25,XLM,0.01803517117555753,3.1700387847384133
2017-11-03,XMR,0.05042042294501736,3.1700088086098965
2015-04-27,XEM,0.21459648228158468,3.169412102754226
2018-10-11,LINK,-0.1283846133944304,-3.168751503725608
2014-12-16,DOGE,-0.08004036696141104,-3.1672808075578183
2016-10-19,ETH,-0.04495371552679672,-3.1648752175136874
2019-08-10,ADA,0.09108794204359372,3.1643347702411084
2020-12-23,XEM,-0.1586972485020991,-3.1632235151144057
2018-03-11,BTC,0.08037783474086369,3.1624323154842227
2017-06-12,BTC,-0.10090233756359912,-3.16093742050258
2017-03-21,XLM,0.0961734615280474,3.160429464586309
2016-05-28,XMR,0.0705932184868614,3.1595354022342823
2018-09-10,DOGE,0.18244717717861914,3.1555394419290232
2018-03-06,BTC,-0.06855429544313374,-3.155341315830612
2021-03-20,XRP,0.11847070776230018,3.154268229971667
2018-05-11,BTC,-0.06661368459868411,-3.1533928460675806
2021-04-07,ATOM,-0.10060115044699824,-3.150567687982106
2018-07-16,XRP,0.08411639838200413,3.149823171456483
2021-03-15,XEM,0.12640733779416902,3.1489377691992018
2020-07-26,XMR,0.06096739061125267,3.148690716946882
2017-08-05,EOS,0.05756650722044254,3.147821187631359
2017-01-11,DOGE,-0.09259347518825278,-3.1464035395808714
2016-10-30,XLM,0.08705308785398369,3.145297309485784
2017-02-09,XMR,-0.053134304700559465,-3.1438071657293256
2019-11-13,LINK,0.07114702243371362,3.1434952284849143
2021-03-17,LINK,0.1107673955224544,3.142553760064133
2019-10-14,XLM,0.07963188271816768,3.1420931796680396
2019-07-10,ATOM,-0.10424814710638619,-3.1413678697670044
2021-03-26,EOS,0.1321726534140113,3.141249323586978
2018-11-07,TRX,-0.026497252409771632,-3.1399455200812256
2019-08-28,ADA,-0.0805507195320263,-3.1398651117595917
2017-04-21,XRP,0.09324401691306727,3.139649441159827
2020-05-28,ADA,0.16991828711453394,3.1367898557997944
2021-06-21,XLM,-0.2048290369302378,-3.1354023008634906
2014-12-16,XRP,0.1807471839765249,3.133943741471395
2016-02-08,XRP,-0.04165437098808078,-3.1331889989337083
2021-06-21,XMR,-0.23143932387378774,-3.1328487346171516
2017-08-23,LTC,0.13955498750166262,3.132155875691865
2018-08-27,BNB,0.10084825636192263,3.131619104248346
2015-07-24,LTC,0.21598703012620368,3.1302373531440226
2020-04-30,ADA,-0.07446383531041678,-3.1296945442863375
2018-11-06,XLM,0.07734181374199389,3.128918499217652
2021-01-01,XMR,-0.131098818664228,-3.127730989695965
2019-09-18,LINK,0.1107026830711424,3.120426645131024
2021-05-04,DOT,-0.06446612313764577,-3.119655238626136
2020-08-11,LTC,-0.06694252768355402,-3.1195198176969243
2018-04-12,XMR,0.1346823757783937,3.1192814607817834
2013-11-09,XRP,-0.19297396318645965,-3.118947092080515
2016-09-26,DOGE,0.020486289720784256,3.118716919750395
2015-06-01,BTC,-0.031556572793417614,-3.118673695795034
2018-04-12,XLM,0.14026286176651492,3.11856564550283
2017-09-15,BTC,0.1529564892717652,3.1183884317504367
2019-12-18,BNB,0.09270399736772927,3.117963797204276
2021-04-03,EOS,-0.1341277182498417,-3.1166934213940407
2019-06-26,XEM,0.07644268563402035,3.116381729023031
2017-11-26,ADA,0.19327491837587396,3.1128623143025367
2017-10-11,EOS,0.0990771282063394,3.1124613499450544
2020-05-10,BTC,-0.08729149530705238,-3.11207762413726
2019-08-09,TRX,-0.09582686358022263,-3.110527179946603
2018-11-08,BNB,-0.01690752607994539,-3.109028698830904
2019-11-21,EOS,-0.08765795491719475,-3.1089461983507913
2021-01-03,XLM,0.06730476677097741,3.1089447789950246
2020-01-03,WBTC,0.04780325165329069,3.108469986012049
2019-08-05,BTC,0.076158202375884,3.1078749958723204
2017-11-22,DOGE,0.3123700155009237,3.1078315944574695
2016-02-14,BTC,0.03922325884072175,3.1061401080140496
2020-11-06,ADA,0.1248584969270381,3.105701039204177
2021-04-26,DOT,0.12244057464177938,3.10545433042758
2020-08-13,ETH,0.09645854114356545,3.1042484012577054
2020-09-02,EOS,-0.10863100546216153,-3.1041345564317315
2020-01-26,XRP,0.04654129667720408,3.103454246072996
2018-12-17,LTC,0.14344060442322082,3.1017407130511847
2020-07-18,XRP,0.026045009188740975,3.101468936320841
2015-12-14,XMR,0.1496009014034554,3.1011035984239506
2020-05-21,EOS,-0.04811718464032533,-3.1009775307326195
2015-10-31,DOGE,-0.09125679317682445,-3.0995638551109264
2020-10-22,XEM,0.03809509190580229,3.0995519682125945
2019-08-06,XMR,-0.04175355283192206,-3.097203154515719
2014-11-29,XRP,-0.07800299451946457,-3.0967997252791974
2020-10-06,ATOM,-0.12063540221661972,-3.096706709283007
2021-05-04,CRO,-0.11682601490908207,-3.095917306078279
2018-03-29,ETH,-0.13514193085593418,-3.0942987134644606
2014-07-12,LTC,0.09746402898335882,3.0932094706675017
2016-11-30,BTC,0.013712507060989365,3.0921528524705164
2019-09-30,ATOM,0.19207892811894922,3.09172198573507
2021-01-03,MIOTA,0.08130005487744163,3.091678389447722
2020-12-23,ADA,-0.12668177793958635,-3.0905656230722034
2017-10-24,BTC,-0.06807047502757158,-3.0891152059526563
2019-07-31,XMR,0.02940380004020282,3.0887246248038034
2019-05-10,XEM,0.08031192691656153,3.087020951003094
2017-02-09,ETH,-0.034904486570788595,-3.086758676739861
2016-01-26,XLM,0.11231028013197841,3.0855015740798746
2020-04-30,XRP,-0.06451072118279888,-3.0847114048155464
2020-07-07,DOGE,0.18120477557559278,3.0833361652093316
2018-09-21,XEM,0.11853066244285015,3.0824100351806067
2017-10-10,XEM,0.0768374781123835,3.080645812942085
2021-03-24,DOT,-0.11677240116685283,-3.0790302732655856
2016-04-27,DOGE,-0.027441548231278312,-3.07899888310904
2019-03-27,XRP,0.02427427530653148,3.0788379988849495
2020-05-10,CRO,-0.04842371377658161,-3.077706095682658
2021-02-13,XMR,0.19436961998073854,3.077506308441843
2017-07-12,XLM,0.23344449954963142,3.0760899367279357
2020-01-23,CRO,-0.03343430616475829,-3.076058114121512
2021-04-18,WBTC,-0.0751084159499108,-3.0759631644844894
2015-09-21,DOGE,0.0299621053875867,3.0750907675576324
2016-03-06,XEM,0.4704293228853904,3.074821950850923
2020-10-30,EOS,-0.04659103104641882,-3.0744386760660887
2020-05-12,XLM,0.11327328597435193,3.073144693243001
2020-08-30,LTC,0.09484103651431619,3.073012959575185
2021-05-10,LINK,-0.10977289065855567,-3.0723122624705868
2019-12-18,LTC,0.09964328951438484,3.0720421383326935
2019-03-09,XEM,0.10344867701261018,3.0718096470158045
2019-08-06,XRP,-0.03782351936216988,-3.0707507559667677
2019-06-27,DOGE,-0.014818688412446934,-3.0698288363377593
2021-03-24,XLM,-0.07859982516248076,-3.0691537247446443
2013-09-28,LTC,-0.06328307755763452,-3.0677583841120373
2014-12-29,XMR,-0.13491181266531094,-3.0666659931596314
2020-04-10,CRO,-0.0685703838013888,-3.066340237012048
2018-09-17,XMR,-0.08411797877612381,-3.0659068982427202
2019-07-12,XLM,0.1259117651374897,3.065813533744842
2020-10-18,CRO,-0.09389971613624182,-3.0646875745827415
2018-09-13,ADA,0.046207483451844444,3.0643115733574957
2021-02-26,ATOM,0.059239826459695166,3.0620075471580734
2015-06-14,LTC,0.07592686693377071,3.0615864323997193
2018-10-26,TRX,0.019085024931083217,3.0612730525033762
2020-07-21,MIOTA,0.059377778909132095,3.061179000314346
2015-12-07,DOGE,0.04459983743884188,3.0606027648885883
2020-11-05,XRP,0.033574504240333036,3.060368286941695
2020-02-15,LTC,-0.07804646251934944,-3.060067864272052
2018-12-04,BNB,0.15100832281597576,3.0596607525173165
2019-06-28,DOGE,0.04817596627457954,3.056652406439653
2019-05-09,MIOTA,-0.07591796113831362,-3.055459781766078
2014-02-13,LTC,-0.09793451677522924,-3.054560054245654
2016-12-23,DOGE,0.049924778590110686,3.0539491876446934
2019-07-12,LINK,0.12263662588337998,3.0526739010154245
2013-05-14,BTC,-0.05492459037595676,-3.0526446768135655
2013-06-28,BTC,-0.06691637427560349,-3.0526086443282443
2014-09-29,XRP,-0.10931926453172647,-3.0518043751977744
2017-12-09,BNB,-0.07780493908247088,-3.0499684988652747
2016-06-28,ETH,-0.12304177321510368,-3.048208053902703
2021-05-04,XLM,-0.0884174782259306,-3.0479665220168277
2019-10-09,WBTC,0.03509674616434033,3.047682406245231
2016-06-12,XRP,0.014930820271614964,3.0469432451704717
2015-03-18,XLM,-0.11126666318983325,-3.046566373038601
2019-08-02,LINK,0.1001888647903213,3.0465372251237963
2021-02-18,SOL,0.0921700024806944,3.04645852843415
2021-01-21,DOGE,-0.0986491304170265,-3.046308523778942
2020-07-24,XMR,-0.017581972627536913,-3.0441192195181928
2020-01-30,LTC,0.1345107829168637,3.0428861162497767
2019-05-14,LINK,0.2727475096098688,3.0428614212782765
2020-01-02,EOS,-0.05192421715611617,-3.041749572776297
2017-03-29,XMR,0.06755752918685864,3.0405566501023507
2021-05-20,BTC,0.10216347216432231,3.0388997842744994
2020-07-06,BNB,0.05274758138943492,3.0382357166057536
2020-03-08,ATOM,-0.14252335454246257,-3.0379529509850305
2014-05-11,BTC,-0.03421192367587156,-3.0375627880044513
2020-12-23,MIOTA,-0.13679377417228478,-3.0373446784755656
2020-09-02,ETH,-0.07758362432482702,-3.036463605915119
2017-11-04,EOS,-0.0751204913998531,-3.0354123660712053
2016-04-21,XLM,-0.027919100325775714,-3.0346339206595876
2016-09-28,XLM,0.23539795203513258,3.0345491843152117
2021-01-21,XRP,-0.0929845711564029,-3.034439405119911
2020-03-12,DOGE,-0.2960324607374728,-3.0321137142835384
2018-06-22,BNB,-0.08557880628902825,-3.032027170969347
2019-09-10,XEM,-0.07198890501258515,-3.0313228339115037
2018-05-10,ADA,-0.08190529747755093,-3.0312568726236755
2015-03-03,DOGE,-0.033859611546511625,-3.029802522605198
2020-12-20,ATOM,-0.05042552347529472,-3.029419681773397
2015-05-28,XLM,0.1396487578103507,3.029110644064114
2013-11-10,BTC,-0.03683167931910447,-3.028784092337515
2020-05-22,MIOTA,0.07778015715141318,3.0273353122230504
2015-10-02,XEM,-0.15215669289803302,-3.026028547215363
2021-02-03,DOT,0.20102787365138086,3.0257222187642423
2019-01-10,ADA,-0.14644881196325565,-3.0255396029192143
2017-04-23,DOGE,0.12555704536209777,3.025539006153484
2015-10-30,XRP,0.044208758630759126,3.024362532918224
2020-08-11,WBTC,-0.042013521112176155,-3.0237426510544783
2020-05-30,ETH,0.09820076451840931,3.021662905733926
2015-06-23,DOGE,-0.14632083263795626,-3.021418851265245
2019-01-10,XMR,-0.1369225986780922,-3.02134365036113
2019-10-15,EOS,-0.056202620157399075,-3.0196511614665607
2016-12-23,BTC,0.06644462051690359,3.018904293510919
2019-11-22,LINK,-0.07757976559410418,-3.016664761311234
2018-12-28,LTC,0.14901557512341612,3.0157176503744663
2021-05-12,BTC,-0.1332174598258027,-3.015683083202897
2018-07-09,EOS,-0.11123497916682168,-3.015547474290576
2014-03-19,LTC,-0.11243786176203252,-3.0155345973718815
2017-11-29,XRP,-0.18748993188299323,-3.0152848302895237
2019-10-23,ETH,-0.0574464150586429,-3.013861153348696
2016-10-07,XEM,-0.08642330651248087,-3.0130240082416107
2021-02-23,CRO,-0.2774392371369627,-3.0119191895168163
2020-08-15,EOS,0.14731987997891527,3.0109356849145072
2020-08-08,LINK,0.2609308581425549,3.0102614061053155
2020-10-30,TRX,-0.03259873278952419,-3.0074568355201587
2016-11-13,XRP,0.026536622347304695,3.007158870013432
2017-01-03,ETH,0.16073737366264118,3.0069965595227495
2014-01-10,DOGE,0.5206136869496412,3.0063519856092196
2021-06-21,UNI,-0.2381886063649098,-3.006200388482503
2017-05-25,XEM,-0.20961902955165768,-3.0060444691881774
2017-03-07,BTC,-0.03872466762564941,-3.004992647025087
2015-10-30,ETH,-0.13710579461101235,-3.004259065875797
2019-09-24,TRX,-0.20440261582424268,-3.0041871621166854
2015-03-24,XRP,-0.05354221483560617,-3.004082636772264
2018-10-28,XLM,0.017970799090750056,3.0037401517087816
2020-09-02,XLM,-0.06770448716909694,-3.0027216740586757
2020-10-16,XMR,-0.074271053134083,-3.0026427811342566
2015-09-28,XMR,0.02578880392398486,3.0021269249381044
2020-05-21,LINK,-0.05485025107448427,-3.0015875766071667
2019-09-23,WBTC,-0.04272105756653066,-3.000705093088063
2018-10-29,XLM,-0.045149460430882304,-3.0000288066463803
